UMPIRE_1,UMPIRE_2
"Asad Rauf","RE Koertzen"
"Aleem Dar","GA Pratapkumar"
"SJ Davis","DJ Harper"
"BF Bowden","K Hariharan"
"Aleem Dar","RB Tiffin"
"MR Benson","IL Howell"
"Asad Rauf","SL Shastri"
"BR Doctrove","RB Tiffin"
"BF Bowden","AV Jayaprakash"
"Aleem Dar","I Shivram"
"RE Koertzen","GA Pratapkumar"
"IL Howell","RE Koertzen"
"Asad Rauf","AV Jayaprakash"
"SJ Davis","BR Doctrove"
"DJ Harper","RE Koertzen"
"Aleem Dar","RB Tiffin"
"Asad Rauf","IL Howell"
"MR Benson","AM Saheba"
"BF Bowden","AV Jayaprakash"
"SJ Davis","RE Koertzen"
"Asad Rauf","IL Howell"
"BR Doctrove","AM Saheba"
"BG Jerling","GA Pratapkumar"
"BR Doctrove","DJ Harper"
"AV Jayaprakash","RE Koertzen"
"BF Bowden","SL Shastri"
"Asad Rauf","K Hariharan"
"SJ Davis","GA Pratapkumar"
"BG Jerling","RE Koertzen"
"BF Bowden","GA Pratapkumar"
"BF Bowden","K Hariharan"
"BR Doctrove","SL Shastri"
"SJ Davis","I Shivram"
"BF Bowden","K Hariharan"
"BF Bowden","RE Koertzen"
"Asad Rauf","DJ Harper"
"BF Bowden","RE Koertzen"
"BR Doctrove","K Hariharan"
"BR Doctrove","RB Tiffin"
"MR Benson","SD Ranade"
"MR Benson","BR Doctrove"
"BG Jerling","SJA Taufel"
"DJ Harper","SD Ranade"
"M Erasmus","AM Saheba"
"BR Doctrove","SJA Taufel"
"MR Benson","M Erasmus"
"BR Doctrove","TH Wijewardene"
"HDPK Dharmasena","SJA Taufel"
"S Asnani","BG Jerling"
"M Erasmus","K Hariharan"
"IL Howell","TH Wijewardene"
"BG Jerling","RB Tiffin"
"GAV Baxter","RE Koertzen"
"MR Benson","TH Wijewardene"
"MR Benson","SL Shastri"
"GAV Baxter","AM Saheba"
"GAV Baxter","RE Koertzen"
"M Erasmus","SK Tarapore"
"HDPK Dharmasena","S Ravi"
"S Asnani","BG Jerling"
"DJ Harper","RE Koertzen"
"S Asnani","MR Benson"
"RE Koertzen","TH Wijewardene"
"BR Doctrove","M Erasmus"
"SS Hazare","IL Howell"
"GAV Baxter","IL Howell"
"MR Benson","HDPK Dharmasena"
"K Hariharan","DJ Harper"
"DJ Harper","TH Wijewardene"
"M Erasmus","SK Tarapore"
"GAV Baxter","AM Saheba"
"GAV Baxter","HDPK Dharmasena"
"BR Doctrove","BG Jerling"
"SL Shastri","RB Tiffin"
"GAV Baxter","HDPK Dharmasena"
"M Erasmus","SS Hazare"
"SS Hazare","RE Koertzen"
"DJ Harper","SL Shastri"
"BR Doctrove","DJ Harper"
"BR Doctrove","DJ Harper"
"HDPK Dharmasena","IL Howell"
"SK Tarapore","SJA Taufel"
"RE Koertzen","S Ravi"
"S Ravi","RB Tiffin"
"SS Hazare","IL Howell"
"SJA Taufel","RB Tiffin"
"IL Howell","RB Tiffin"
"BG Jerling","SJA Taufel"
"BG Jerling","SJA Taufel"
"IL Howell","S Ravi"
"IL Howell","S Ravi"
"BR Doctrove","DJ Harper"
"RE Koertzen","SJA Taufel"
"RE Koertzen","SJA Taufel"
"RE Koertzen","RB Tiffin"
"RE Koertzen","RB Tiffin"
"HDPK Dharmasena","AM Saheba"
"S Das","DJ Harper"
"HDPK Dharmasena","AM Saheba"
"BR Doctrove","SK Tarapore"
"K Hariharan","DJ Harper"
"BR Doctrove","SK Tarapore"
"BF Bowden","M Erasmus"
"HDPK Dharmasena","SS Hazare"
"BF Bowden","M Erasmus"
"SS Hazare","SJA Taufel"
"RE Koertzen","RB Tiffin"
"BF Bowden","AM Saheba"
"BG Jerling","RE Koertzen"
"S Das","K Hariharan"
"SS Hazare","SJA Taufel"
"BR Doctrove","SK Tarapore"
"HDPK Dharmasena","SJA Taufel"
"K Hariharan","DJ Harper"
"BR Doctrove","S Ravi"
"S Asnani","DJ Harper"
"BF Bowden","M Erasmus"
"S Ravi","SK Tarapore"
"BG Jerling","RE Koertzen"
"S Asnani","DJ Harper"
"K Hariharan","DJ Harper"
"BF Bowden","AM Saheba"
"BR Doctrove","SK Tarapore"
"S Asnani","DJ Harper"
"BR Doctrove","S Ravi"
"M Erasmus","AM Saheba"
"HDPK Dharmasena","SJA Taufel"
"BG Jerling","RB Tiffin"
"BF Bowden","AM Saheba"
"BR Doctrove","SK Tarapore"
"BG Jerling","RE Koertzen"
"BR Doctrove","RB Tiffin"
"BR Doctrove","RB Tiffin"
"RE Koertzen","SJA Taufel"
"RE Koertzen","SJA Taufel"
"HDPK Dharmasena","K Hariharan"
"AM Saheba","RB Tiffin"
"BR Doctrove","PR Reiffel"
"RE Koertzen","SK Tarapore"
"Aleem Dar","RB Tiffin"
"HDPK Dharmasena","AL Hill"
"S Asnani","PR Reiffel"
"Aleem Dar","SS Hazare"
"BR Doctrove","PR Reiffel"
"Asad Rauf","AM Saheba"
"Aleem Dar","RB Tiffin"
"K Hariharan","AL Hill"
"PR Reiffel","RJ Tucker"
"Asad Rauf","AM Saheba"
"Aleem Dar","RB Tiffin"
"Asad Rauf","AM Saheba"
"SS Hazare","RB Tiffin"
"S Asnani","RE Koertzen"
"BR Doctrove","SK Tarapore"
"S Asnani","RJ Tucker"
"Asad Rauf","SL Shastri"
"HDPK Dharmasena","AL Hill"
"PR Reiffel","RJ Tucker"
"Asad Rauf","SK Tarapore"
"Aleem Dar","SS Hazare"
"HDPK Dharmasena","AL Hill"
"AM Saheba","SL Shastri"
"SK Tarapore","SJA Taufel"
"HDPK Dharmasena","PR Reiffel"
"Asad Rauf","SL Shastri"
"HDPK Dharmasena","SJA Taufel"
"S Ravi","RJ Tucker"
"Aleem Dar","RB Tiffin"
"Asad Rauf","PR Reiffel"
"K Hariharan","SJA Taufel"
"Aleem Dar","SS Hazare"
"K Hariharan","SJA Taufel"
"HDPK Dharmasena","K Hariharan"
"S Asnani","RJ Tucker"
"RE Koertzen","RB Tiffin"
"S Ravi","SK Tarapore"
"Asad Rauf","SL Shastri"
"PR Reiffel","RJ Tucker"
"S Ravi","SK Tarapore"
"Asad Rauf","AM Saheba"
"S Ravi","SJA Taufel"
"RE Koertzen","PR Reiffel"
"Asad Rauf","AM Saheba"
"SS Hazare","RJ Tucker"
"K Hariharan","RE Koertzen"
"SK Tarapore","SJA Taufel"
"Asad Rauf","SJA Taufel"
"Asad Rauf","SJA Taufel"
"S Asnani","HDPK Dharmasena"
"AK Chaudhary","SJA Taufel"
"BF Bowden","SK Tarapore"
"S Asnani","S Ravi"
"JD Cloete","HDPK Dharmasena"
"BF Bowden","VA Kulkarni"
"S Das","SJA Taufel"
"AK Chaudhary","JD Cloete"
"S Ravi","RJ Tucker"
"Asad Rauf","SK Tarapore"
"Aleem Dar","BNJ Oxenford"
"Asad Rauf","S Asnani"
"BF Bowden","SK Tarapore"
"Aleem Dar","BNJ Oxenford"
"Asad Rauf","S Asnani"
"JD Cloete","RJ Tucker"
"BF Bowden","SK Tarapore"
"Aleem Dar","BNJ Oxenford"
"S Asnani","S Das"
"Asad Rauf","S Das"
"S Ravi","RJ Tucker"
"BF Bowden","SK Tarapore"
"Asad Rauf","S Asnani"
"S Ravi","RJ Tucker"
"S Ravi","RJ Tucker"
"Aleem Dar","BNJ Oxenford"
"Asad Rauf","BR Doctrove"
"S Ravi","RJ Tucker"
"AK Chaudhary","BNJ Oxenford"
"Aleem Dar","AK Chaudhary"
"JD Cloete","SJA Taufel"
"BF Bowden","C Shamshuddin"
"Asad Rauf","S Asnani"
"BF Bowden","SK Tarapore"
"Asad Rauf","S Asnani"
"HDPK Dharmasena","BNJ Oxenford"
"JD Cloete","S Ravi"
"Asad Rauf","BR Doctrove"
"BF Bowden","VA Kulkarni"
"BNJ Oxenford","C Shamshuddin"
"BF Bowden","SK Tarapore"
"S Ravi","SJA Taufel"
"BF Bowden","SK Tarapore"
"S Das","BR Doctrove"
"JD Cloete","SJA Taufel"
"HDPK Dharmasena","BNJ Oxenford"
"S Das","BR Doctrove"
"VA Kulkarni","SK Tarapore"
"HDPK Dharmasena","C Shamshuddin"
"BF Bowden","VA Kulkarni"
"S Asnani","BR Doctrove"
"HDPK Dharmasena","C Shamshuddin"
"BR Doctrove","SJA Taufel"
"BF Bowden","HDPK Dharmasena"
"S Ravi","SJA Taufel"
"VA Kulkarni","C Shamshuddin"
"S Das","C Shamshuddin"
"S Asnani","SJA Taufel"
"Aleem Dar","S Das"
"M Erasmus","VA Kulkarni"
"Asad Rauf","AK Chaudhary"
"M Erasmus","K Srinath"
"Aleem Dar","Subroto Das"
"S Ravi","SJA Taufel"
"M Erasmus","VA Kulkarni"
"Aleem Dar","C Shamshuddin"
"M Erasmus","VA Kulkarni"
"Asad Rauf","AK Chaudhary"
"Aleem Dar","C Shamshuddin"
"M Erasmus","VA Kulkarni"
"Asad Rauf","AK Chaudhary"
"Aleem Dar","C Shamshuddin"
"HDPK Dharmasena","S Ravi"
"Aleem Dar","C Shamshuddin"
"HDPK Dharmasena","S Ravi"
"HDPK Dharmasena","S Ravi"
"CK Nandan","S Ravi"
"VA Kulkarni","K Srinath"
"Asad Rauf","S Asnani"
"CK Nandan","S Ravi"
"M Erasmus","K Srinath"
"Asad Rauf","AK Chaudhary"
"S Das","SJA Taufel"
"HDPK Dharmasena","CK Nandan"
"Aleem Dar","C Shamshuddin"
"HDPK Dharmasena","CK Nandan"
"HDPK Dharmasena","S Ravi"
"HDPK Dharmasena","CK Nandan"
"C Shamshuddin","RJ Tucker"
"S Ravi","SJA Taufel"
"Aleem Dar","RJ Tucker"
"HDPK Dharmasena","S Ravi"
"Asad Rauf","S Asnani"
"NJ Llong","K Srinath"
"Asad Rauf","AK Chaudhary"
"NJ Llong","K Srinath"
"HDPK Dharmasena","CK Nandan"
"VA Kulkarni","K Srinath"
"AK Chaudhary","SJA Taufel"
"NJ Llong","K Srinath"
"Asad Rauf","S Asnani"
"HDPK Dharmasena","CK Nandan"
"NJ Llong","SJA Taufel"
"C Shamshuddin","RJ Tucker"
"NJ Llong","RJ Tucker"
"S Ravi","RJ Tucker"
"C Shamshuddin","SJA Taufel"
"HDPK Dharmasena","SJA Taufel"
"M Erasmus","RK Illingworth"
"Aleem Dar","S Ravi"
"RK Illingworth","C Shamshuddin"
"BF Bowden","RK Illingworth"
"Aleem Dar","AK Chaudhary"
"Aleem Dar","VA Kulkarni"
"BF Bowden","M Erasmus"
"RK Illingworth","C Shamshuddin"
"M Erasmus","S Ravi"
"HDPK Dharmasena","RK Illingworth"
"Aleem Dar","VA Kulkarni"
"M Erasmus","S Ravi"
"BF Bowden","M Erasmus"
"HDPK Dharmasena","C Shamshuddin"
"HDPK Dharmasena","RK Illingworth"
"Aleem Dar","VA Kulkarni"
"AK Chaudhary","VA Kulkarni"
"BF Bowden","S Ravi"
"Aleem Dar","AK Chaudhary"
"HDPK Dharmasena","M Erasmus"
"AK Chaudhary","NJ Llong"
"BNJ Oxenford","C Shamshuddin"
"SS Hazare","S Ravi"
"HDPK Dharmasena","VA Kulkarni"
"RM Deshpande","BNJ Oxenford"
"S Ravi","K Srinath"
"BNJ Oxenford","C Shamshuddin"
"HDPK Dharmasena","PG Pathak"
"S Ravi","K Srinath"
"RM Deshpande","BNJ Oxenford"
"HDPK Dharmasena","VA Kulkarni"
"NJ Llong","CK Nandan"
"S Ravi","RJ Tucker"
"BNJ Oxenford","C Shamshuddin"
"K Srinath","RJ Tucker"
"AK Chaudhary","NJ Llong"
"BNJ Oxenford","C Shamshuddin"
"HDPK Dharmasena","PG Pathak"
"RM Deshpande","C Shamshuddin"
"AK Chaudhary","CK Nandan"
"BNJ Oxenford","C Shamshuddin"
"S Ravi","RJ Tucker"
"AK Chaudhary","NJ Llong"
"RM Deshpande","BNJ Oxenford"
"K Srinath","RJ Tucker"
"NJ Llong","S Ravi"
"VA Kulkarni","BNJ Oxenford"
"HDPK Dharmasena","RJ Tucker"
"HDPK Dharmasena","BNJ Oxenford"
"S Ravi","C Shamshuddin"
"SD Fry","CB Gaffaney"
"S Ravi","C Shamshuddin"
"SD Fry","CB Gaffaney"
"AK Chaudhary","K Srinivasan"
"RM Deshpande","RK Illingworth"
"AK Chaudhary","M Erasmus"
"CB Gaffaney","K Srinath"
"PG Pathak","S Ravi"
"AK Chaudhary","M Erasmus"
"PG Pathak","S Ravi"
"SD Fry","CK Nandan"
"RK Illingworth","VA Kulkarni"
"SD Fry","CB Gaffaney"
"RK Illingworth","VA Kulkarni"
"JD Cloete","C Shamshuddin"
"SD Fry","CK Nandan"
"HDPK Dharmasena","CB Gaffaney"
"M Erasmus","S Ravi"
"AK Chaudhary","M Erasmus"
"JD Cloete","PG Pathak"
"RK Illingworth","S Ravi"
"HDPK Dharmasena","CK Nandan"
"JD Cloete","PG Pathak"
"HDPK Dharmasena","CB Gaffaney"
"AK Chaudhary","M Erasmus"
"HDPK Dharmasena","CB Gaffaney"
"RK Illingworth","VA Kulkarni"
"JD Cloete","C Shamshuddin"
"AK Chaudhary","HDPK Dharmasena"
"VA Kulkarni","S Ravi"
"JD Cloete","C Shamshuddin"
"RK Illingworth","VA Kulkarni"
"RK Illingworth","VA Kulkarni"
D/L,"AK Chaudhary"
"RM Deshpande","RK Illingworth"
"HDPK Dharmasena","K Srinivasan"
"HDPK Dharmasena","RK Illingworth"
"AK Chaudhary","C Shamshuddin"
"AK Chaudhary","CB Gaffaney"
"HDPK Dharmasena","RK Illingworth"
"HDPK Dharmasena","CK Nandan"
"S Ravi","C Shamshuddin"
"HDPK Dharmasena","VK Sharma"
"Nitin Menon","S Ravi"
"VA Kulkarni","CK Nandan"
"S Ravi","C Shamshuddin"
"HDPK Dharmasena","VK Sharma"
"VA Kulkarni","A Nand Kishore"
"AK Chaudhary","CK Nandan"
"K Bharatan","HDPK Dharmasena"
"CB Gaffaney","VK Sharma"
"S Ravi","C Shamshuddin"
"K Bharatan","BNJ Oxenford"
"CB Gaffaney","A Nand Kishore"
D/L,"AY Dandekar"
"M Erasmus","S Ravi"
"Nitin Menon","RJ Tucker"
"CB Gaffaney","BNJ Oxenford"
"KN Ananthapadmanabhan","M Erasmus"
"BNJ Oxenford","VK Sharma"
"AY Dandekar","RJ Tucker"
"M Erasmus","S Ravi"
"CB Gaffaney","BNJ Oxenford"
"AK Chaudhary","HDPK Dharmasena"
"C Shamshuddin","RJ Tucker"
"CB Gaffaney","BNJ Oxenford"
"S Ravi","C Shamshuddin"
"M Erasmus","RJ Tucker"
"CB Gaffaney","VK Sharma"
"AY Dandekar","C Shamshuddin"
"HDPK Dharmasena","CK Nandan"
"AY Dandekar","VK Sharma"
"A Nand Kishore","BNJ Oxenford"
"Nitin Menon","CK Nandan"
"CB Gaffaney","A Nand Kishore"
"Nitin Menon","C Shamshuddin"
"KN Ananthapadmanabhan","M Erasmus"
"AK Chaudhary","CK Nandan"
"A Nand Kishore","BNJ Oxenford"
"HDPK Dharmasena","Nitin Menon"
"AK Chaudhary","CK Nandan"
"KN Ananthapadmanabhan","M Erasmus"
"A Nand Kishore","BNJ Oxenford"
"AK Chaudhary","HDPK Dharmasena"
"M Erasmus","C Shamshuddin"
"M Erasmus","CK Nandan"
"HDPK Dharmasena","BNJ Oxenford"
"A Nand Kishore","S Ravi"
"Nitin Menon","CK Nandan"
"AK Chaudhary","C Shamshuddin"
"S Ravi","VK Sharma"
"Nitin Menon","CK Nandan"
"AK Chaudhary","C Shamshuddin"
"AY Dandekar","S Ravi"
"Nitin Menon","CK Nandan"
"A Deshmukh","NJ Llong"
"KN Ananthapadmanabhan","AK Chaudhary"
"A Nand Kishore","S Ravi"
"AY Dandekar","NJ Llong"
"YC Barde","Nitin Menon"
"A Nand Kishore","S Ravi"
"KN Ananthapadmanabhan","C Shamshuddin"
"Nitin Menon","CK Nandan"
"S Ravi","VK Sharma"
"M Erasmus","C Shamshuddin"
"CB Gaffaney","Nitin Menon"
"A Nand Kishore","S Ravi"
"AY Dandekar","A Deshmukh"
"AK Chaudhary","M Erasmus"
"CB Gaffaney","CK Nandan"
"A Nand Kishore","S Ravi"
"AY Dandekar","NJ Llong"
"AK Chaudhary","C Shamshuddin"
"NJ Llong","S Ravi"
"KN Ananthapadmanabhan","M Erasmus"
"AK Chaudhary","CB Gaffaney"
"AK Chaudhary","CB Gaffaney"
"M Erasmus","C Shamshuddin"
"YC Barde","Nitin Menon"
"KN Ananthapadmanabhan","A Nand Kishore"
"M Erasmus","Nitin Menon"
"CB Gaffaney","C Shamshuddin"
"Nitin Menon","CK Nandan"
"AY Dandekar","C Shamshuddin"
"YC Barde","AK Chaudhary"
"A Deshmukh","A Nand Kishore"
"KN Ananthapadmanabhan","CK Nandan"
"AK Chaudhary","Nitin Menon"
"A Nand Kishore","S Ravi"
"AY Dandekar","A Deshmukh"
"CK Nandan","C Shamshuddin"
"S Ravi","C Shamshuddin"
"AK Chaudhary","Nitin Menon"
"NJ Llong","Nitin Menon"
"CB Gaffaney","A Nand Kishore"
"C Shamshuddin","A Deshmukh"
"KN Ananthapadmanabhan","Nitin Menon"
"A Deshmukh","S Ravi"
"KN Ananthapadmanabhan","Nitin Menon"
"AK Chaudhary","A Nand Kishore"
"C Shamshuddin","S Ravi"
"AK Chaudhary","A Nand Kishore"
"RJ Tucker","Nitin Menon"
"A Deshmukh","S Ravi"
"KN Ananthapadmanabhan","Nitin Menon"
"C Shamshuddin","A Deshmukh"
"CB Gaffaney","CK Nandan"
"KN Ananthapadmanabhan","RJ Tucker"
"A Nand Kishore","CK Nandan"
"C Shamshuddin","S Ravi"
"NJ Llong","VK Sharma"
"C Shamshuddin","S Ravi"
"CB Gaffaney","Nitin Menon"
"BNJ Oxenford","A Nand Kishore"
"NJ Llong","AK Chaudhary"
"AY Dandekar","C Shamshuddin"
"M Erasmus","Nitin Menon"
"VK Sharma","CK Nandan"
"HDPK Dharmasena","A Deshmukh"
"AY Dandekar","S Ravi"
"Nitin Menon","YC Barde"
"HDPK Dharmasena","A Deshmukh"
"C Shamshuddin","S Ravi"
"M Erasmus","Nitin Menon"
"KN Ananthapadmanabhan","AK Chaudhary"
"AY Dandekar","C Shamshuddin"
"M Erasmus","YC Barde"
"VK Sharma","CK Nandan"
"KN Ananthapadmanabhan","HDPK Dharmasena"
"M Erasmus","YC Barde"
"Nitin Menon","S Ravi"
"BNJ Oxenford","VK Sharma"
"HDPK Dharmasena","AK Chaudhary"
"M Erasmus","Nitin Menon"
"AY Dandekar","S Ravi"
"VA Kulkarni","HDPK Dharmasena"
"BNJ Oxenford","VK Sharma"
"HDPK Dharmasena","CK Nandan"
"Nitin Menon","YC Barde"
"C Shamshuddin","M Erasmus"
"AK Chaudhary","Nitin Menon"
"HDPK Dharmasena","Nitin Menon"
"M Erasmus","S Ravi"
"CB Gaffaney","AK Chaudhary"
"YC Barde","S Ravi"
"KN Ananthapadmanabhan","C Shamshuddin"
"M Erasmus","Nitin Menon"
"VA Kulkarni","AK Chaudhary"
"CK Nandan","S Ravi"
"AY Dandekar","Nitin Menon"
"AY Dandekar","M Erasmus"
"RJ Tucker","BNJ Oxenford"
"KN Ananthapadmanabhan","C Shamshuddin"
"CB Gaffaney","AK Chaudhary"
"YC Barde","S Ravi"
"CB Gaffaney","AK Chaudhary"
"YC Barde","S Ravi"
"UV Gandhe","BNJ Oxenford"
"YC Barde","CK Nandan"
"Nitin Menon","A Nand Kishore"
"RJ Tucker","CK Nandan"
"M Erasmus","Nitin Menon"
"BNJ Oxenford","NJ Llong"
"IJ Gould","Nitin Menon"
"YC Barde","S Ravi"
"UV Gandhe","C Shamshuddin"
"RJ Tucker","VA Kulkarni"
"A Nand Kishore","S Ravi"
"C Shamshuddin","BNJ Oxenford"
"AY Dandekar","IJ Gould"
"YC Barde","A Nand Kishore"
"KN Ananthapadmanabhan","BNJ Oxenford"
"IJ Gould","Nitin Menon"
"UV Gandhe","NJ Llong"
"CK Nandan","S Ravi"
"AY Dandekar","IJ Gould"
"NJ Llong","AK Chaudhary"
"A Nand Kishore","CK Nandan"
"BNJ Oxenford","S Ravi"
"BNJ Oxenford","S Ravi"
"CB Gaffaney","VK Sharma"
"AK Chaudhary","Nitin Menon"
"VK Sharma","S Ravi"
"C Shamshuddin","RK Illingworth"
"C Shamshuddin","VA Kulkarni"
"CB Gaffaney","PG Pathak"
"AY Dandekar","PR Reiffel"
"UV Gandhe","CB Gaffaney"
"KN Ananthapadmanabhan","C Shamshuddin"
"KN Ananthapadmanabhan","RK Illingworth"
"KN Ananthapadmanabhan","K Srinivasan"
"VK Sharma","S Ravi"
"KN Ananthapadmanabhan","C Shamshuddin"
"CB Gaffaney","S Ravi"
"PG Pathak","VK Sharma"
"YC Barde","PR Reiffel"
"CB Gaffaney","S Ravi"
"KN Ananthapadmanabhan","RK Illingworth"
"AK Chaudhary","PR Reiffel"
"VK Sharma","S Ravi"
"PG Pathak","S Ravi"
"AY Dandekar","Nitin Menon"
"CB Gaffaney","S Ravi"
"VA Kulkarni","RK Illingworth"
"AK Chaudhary","PR Reiffel"
"Nitin Menon","PR Reiffel"
"Nitin Menon","PR Reiffel"
"Nitin Menon","YC Barde"
"KN Ananthapadmanabhan","RK Illingworth"
"C Shamshuddin","VA Kulkarni"
"AK Chaudhary","Nitin Menon"
"UV Gandhe","CB Gaffaney"
"AK Chaudhary","Nitin Menon"
"AK Chaudhary","PR Reiffel"
"CB Gaffaney","VK Sharma"
"RK Illingworth","K Srinivasan"
"AK Chaudhary","PR Reiffel"
"CB Gaffaney","S Ravi"
"Nitin Menon","PR Reiffel"
"KN Ananthapadmanabhan","C Shamshuddin"
"VK Sharma","S Ravi"
"CB Gaffaney","VK Sharma"
"AY Dandekar","Nitin Menon"
"YC Barde","PR Reiffel"
"C Shamshuddin","RK Illingworth"
"CB Gaffaney","S Ravi"
"KN Ananthapadmanabhan","RK Illingworth"
"KN Ananthapadmanabhan","RK Illingworth"
"RK Illingworth","K Srinivasan"
"UV Gandhe","VK Sharma"
"AK Chaudhary","Nitin Menon"
"AK Chaudhary","Nitin Menon"
"C Shamshuddin","RK Illingworth"
"CB Gaffaney","VK Sharma"
"C Shamshuddin","RK Illingworth"
"Nitin Menon","PR Reiffel"
"CB Gaffaney","Nitin Menon"
"PR Reiffel","S Ravi"
"PR Reiffel","S Ravi"
"CB Gaffaney","Nitin Menon"
