IPL_EDITION,VENUE,CITY,DATES,TEAM1_IRRESPECTIVE_OF_INNING,TEAM2_IRRESPECTIVE_OF_INNING,FIRST_INNING,SECOND_INNING,WINNING_TEAM,MOM
2008,"M Chinnaswamy Stadium",Bangalore,2008-04-18,"Royal Challengers Bangalore","Kolkata Knight Riders",222/3,82/10,"Kolkata Knight Riders","BB McCullum"
2008,"Feroz Shah Kotla",Delhi,2008-04-19,"Delhi Daredevils","Rajasthan Royals",129/8,132/1,"Delhi Daredevils","MF Maharoof"
2008,"Wankhede Stadium",Mumbai,2008-04-20,"Mumbai Indians","Royal Challengers Bangalore",165/7,166/5,"Royal Challengers Bangalore","MV Boucher"
2008,"Eden Gardens",Kolkata,2008-04-20,"Kolkata Knight Riders","Deccan Chargers",110/10,112/5,"Kolkata Knight Riders","DJ Hussey"
2008,"Sawai Mansingh Stadium",Jaipur,2008-04-21,"Rajasthan Royals","Kings XI Punjab",166/8,168/4,"Rajasthan Royals","SR Watson"
2008,"M Chinnaswamy Stadium",Bangalore,2008-04-26,"Royal Challengers Bangalore","Rajasthan Royals",135/8,138/3,"Rajasthan Royals","SR Watson"
2008,"Dr DY Patil Sports Academy",Mumbai,2008-04-27,"Mumbai Indians","Deccan Chargers",154/7,155/0,"Deccan Chargers","AC Gilchrist"
2008,"M Chinnaswamy Stadium",Bangalore,2008-04-28,"Royal Challengers Bangalore","Chennai Super Kings",178/5,165/10,"Chennai Super Kings","MS Dhoni"
2008,"Eden Gardens",Kolkata,2008-04-29,"Kolkata Knight Riders","Mumbai Indians",137/8,138/3,"Mumbai Indians","ST Jayasuriya"
2008,"Feroz Shah Kotla",Delhi,2008-04-30,"Delhi Daredevils","Royal Challengers Bangalore",191/5,181/5,"Delhi Daredevils","GD McGrath"
2008,"Sawai Mansingh Stadium",Jaipur,2008-05-01,"Rajasthan Royals","Kolkata Knight Riders",196/7,151/10,"Rajasthan Royals","SA Asnodkar"
2008,"Dr DY Patil Sports Academy",Mumbai,2008-05-04,"Mumbai Indians","Delhi Daredevils",162/8,133/10,"Mumbai Indians","SM Pollock"
2008,"Sawai Mansingh Stadium",Jaipur,2008-05-04,"Rajasthan Royals","Chennai Super Kings",109/10,110/2,"Rajasthan Royals","Sohail Tanvir"
2008,"M Chinnaswamy Stadium",Bangalore,2008-05-05,"Royal Challengers Bangalore","Kings XI Punjab",126/10,127/4,"Kings XI Punjab","S Sreesanth"
2008,"Dr DY Patil Sports Academy",Mumbai,2008-05-07,"Mumbai Indians","Rajasthan Royals",103/10,104/3,"Mumbai Indians","A Nehra"
2008,"Feroz Shah Kotla",Delhi,2008-05-08,"Delhi Daredevils","Chennai Super Kings",187/5,188/6,"Chennai Super Kings","MS Dhoni"
2008,"Eden Gardens",Kolkata,2008-05-08,"Kolkata Knight Riders","Royal Challengers Bangalore",129/7,124/4,"Kolkata Knight Riders","SC Ganguly"
2008,"Sawai Mansingh Stadium",Jaipur,2008-05-09,"Rajasthan Royals","Deccan Chargers",140/8,141/2,"Rajasthan Royals","YK Pathan"
2008,"M Chinnaswamy Stadium",Bangalore,2008-05-28,"Royal Challengers Bangalore","Mumbai Indians",122/9,126/1,"Mumbai Indians","CRD Fernando"
2008,"Sawai Mansingh Stadium",Jaipur,2008-05-11,"Rajasthan Royals","Delhi Daredevils",156/7,159/7,"Rajasthan Royals","SR Watson"
2008,"Eden Gardens",Kolkata,2008-05-13,"Kolkata Knight Riders","Delhi Daredevils",133/6,110/10,"Kolkata Knight Riders","Shoaib Akhtar"
2008,"Wankhede Stadium",Mumbai,2008-05-14,"Mumbai Indians","Chennai Super Kings",156/6,158/1,"Mumbai Indians","ST Jayasuriya"
2008,"Feroz Shah Kotla",Delhi,2008-05-15,"Delhi Daredevils","Deccan Chargers",194/4,182/9,"Delhi Daredevils","A Mishra"
2008,"Wankhede Stadium",Mumbai,2008-05-16,"Mumbai Indians","Kolkata Knight Riders",67/10,68/2,"Mumbai Indians","SM Pollock"
2008,"Feroz Shah Kotla",Delhi,2008-05-17,"Delhi Daredevils","Kings XI Punjab",118/4,94/3,"Kings XI Punjab","DPMD Jayawardene"
2008,"Sawai Mansingh Stadium",Jaipur,2008-05-17,"Rajasthan Royals","Royal Challengers Bangalore",197/1,132/9,"Rajasthan Royals","GC Smith"
2008,"Eden Gardens",Kolkata,2008-05-18,"Kolkata Knight Riders","Chennai Super Kings",149/5,55/0,"Chennai Super Kings","M Ntini"
2008,"M Chinnaswamy Stadium",Bangalore,2008-05-19,"Royal Challengers Bangalore","Delhi Daredevils",154/7,158/5,"Delhi Daredevils","SP Goswami"
2008,"Eden Gardens",Kolkata,2008-05-20,"Kolkata Knight Riders","Rajasthan Royals",147/8,150/4,"Rajasthan Royals","YK Pathan"
2008,"Wankhede Stadium",Mumbai,2008-05-21,"Mumbai Indians","Kings XI Punjab",189/4,188/10,"Kings XI Punjab","SE Marsh"
2008,"Feroz Shah Kotla",Delhi,2008-05-24,"Delhi Daredevils","Mumbai Indians",176/8,179/5,"Delhi Daredevils","KD Karthik"
2008,"M Chinnaswamy Stadium",Bangalore,2008-05-03,"Royal Challengers Bangalore","Deccan Chargers",156/8,153/6,"Royal Challengers Bangalore","P Kumar"
2008,"Eden Gardens",Kolkata,2008-05-25,"Kolkata Knight Riders","Kings XI Punjab",174/6,175/7,"Kolkata Knight Riders","Umar Gul"
2008,"Sawai Mansingh Stadium",Jaipur,2008-05-26,"Rajasthan Royals","Mumbai Indians",145/7,146/5,"Rajasthan Royals","Sohail Tanvir"
2008,"Wankhede Stadium",Mumbai,2008-05-30,"Delhi Daredevils","Rajasthan Royals",192/9,87/10,"Rajasthan Royals","SR Watson"
2008,"Wankhede Stadium",Mumbai,2008-05-31,"Chennai Super Kings","Kings XI Punjab",112/8,116/1,"Chennai Super Kings","M Ntini"
2008,"Dr DY Patil Sports Academy",Mumbai,2008-06-01,"Chennai Super Kings","Rajasthan Royals",163/5,164/7,"Rajasthan Royals","YK Pathan"
2009,Newlands,"Cape Town",2009-04-18,"Chennai Super Kings","Mumbai Indians",165/7,146/7,"Mumbai Indians","SR Tendulkar"
2009,Newlands,"Cape Town",2009-04-18,"Royal Challengers Bangalore","Rajasthan Royals",133/8,58/10,"Royal Challengers Bangalore","R Dravid"
2009,Newlands,"Cape Town",2009-04-19,"Delhi Daredevils","Kings XI Punjab",104/7,58/0,"Delhi Daredevils","DL Vettori"
2009,Newlands,"Cape Town",2009-04-19,"Deccan Chargers","Kolkata Knight Riders",101/10,104/2,"Deccan Chargers","RP Singh"
2009,"St George's Park","Port Elizabeth",2009-04-20,"Royal Challengers Bangalore","Chennai Super Kings",179/5,87/10,"Chennai Super Kings","M Muralitharan"
2009,Kingsmead,Durban,2009-04-21,"Kings XI Punjab","Kolkata Knight Riders",158/6,79/1,"Kolkata Knight Riders","CH Gayle"
2009,Newlands,"Cape Town",2009-04-22,"Royal Challengers Bangalore","Deccan Chargers",184/6,160/8,"Deccan Chargers","AC Gilchrist"
2009,Kingsmead,Durban,2009-04-23,"Chennai Super Kings","Delhi Daredevils",189/5,180/9,"Delhi Daredevils","AB de Villiers"
2009,Newlands,"Cape Town",2009-04-23,"Kolkata Knight Riders","Rajasthan Royals",150/6,150/8,"Rajasthan Royals","YK Pathan"
2009,Kingsmead,Durban,2009-04-24,"Royal Challengers Bangalore","Kings XI Punjab",168/9,173/3,"Kings XI Punjab","RS Bopara"
2009,Kingsmead,Durban,2009-04-25,"Deccan Chargers","Mumbai Indians",168/9,156/7,"Deccan Chargers","PP Ojha"
2009,"St George's Park","Port Elizabeth",2009-04-26,"Royal Challengers Bangalore","Delhi Daredevils",149/7,150/4,"Delhi Daredevils","TM Dilshan"
2009,Newlands,"Cape Town",2009-04-26,"Kings XI Punjab","Rajasthan Royals",139/6,112/7,"Kings XI Punjab","KC Sangakkara"
2009,Kingsmead,Durban,2009-04-27,"Chennai Super Kings","Deccan Chargers",165/6,169/4,"Deccan Chargers","HH Gibbs"
2009,"St George's Park","Port Elizabeth",2009-04-27,"Kolkata Knight Riders","Mumbai Indians",187/6,95/9,"Mumbai Indians","SR Tendulkar"
2009,"SuperSport Park",Centurion,2009-04-28,"Delhi Daredevils","Rajasthan Royals",143/7,147/5,"Rajasthan Royals","YK Pathan"
2009,Kingsmead,Durban,2009-04-29,"Royal Challengers Bangalore","Kolkata Knight Riders",139/6,143/5,"Royal Challengers Bangalore","MV Boucher"
2009,Kingsmead,Durban,2009-04-29,"Kings XI Punjab","Mumbai Indians",119/8,116/7,"Kings XI Punjab","KC Sangakkara"
2009,"SuperSport Park",Centurion,2009-04-30,"Deccan Chargers","Delhi Daredevils",148/9,150/4,"Delhi Daredevils","DP Nannes"
2009,"SuperSport Park",Centurion,2009-04-30,"Chennai Super Kings","Rajasthan Royals",164/5,126/9,"Chennai Super Kings","SK Raina"
2009,"Buffalo Park","East London",2009-05-01,"Kolkata Knight Riders","Mumbai Indians",148/6,139/6,"Mumbai Indians","JP Duminy"
2009,Kingsmead,Durban,2009-05-01,"Royal Challengers Bangalore","Kings XI Punjab",145/9,137/7,"Royal Challengers Bangalore","Yuvraj Singh"
2009,"St George's Park","Port Elizabeth",2009-05-02,"Deccan Chargers","Rajasthan Royals",141/5,142/7,"Rajasthan Royals","YK Pathan"
2009,"New Wanderers Stadium",Johannesburg,2009-05-02,"Chennai Super Kings","Delhi Daredevils",163/10,145/8,"Chennai Super Kings","SB Jakati"
2009,"St George's Park","Port Elizabeth",2009-05-03,"Kings XI Punjab","Kolkata Knight Riders",153/3,154/4,"Kings XI Punjab","DPMD Jayawardene"
2009,"New Wanderers Stadium",Johannesburg,2009-05-03,"Royal Challengers Bangalore","Mumbai Indians",149/4,150/1,"Royal Challengers Bangalore","JH Kallis"
2009,"Buffalo Park","East London",2009-05-04,"Chennai Super Kings","Deccan Chargers",178/3,100/10,"Chennai Super Kings","MS Dhoni"
2009,Kingsmead,Durban,2009-05-05,"Kings XI Punjab","Rajasthan Royals",211/4,133/8,"Rajasthan Royals","GC Smith"
2009,Kingsmead,Durban,2009-05-05,"Delhi Daredevils","Kolkata Knight Riders",154/3,157/1,"Delhi Daredevils","G Gambhir"
2009,"SuperSport Park",Centurion,2009-05-06,"Deccan Chargers","Mumbai Indians",145/6,126/8,"Deccan Chargers","RG Sharma"
2009,"SuperSport Park",Centurion,2009-05-07,"Royal Challengers Bangalore","Rajasthan Royals",105/10,107/3,"Rajasthan Royals","A Singh"
2009,"SuperSport Park",Centurion,2009-05-07,"Chennai Super Kings","Kings XI Punjab",185/3,174/3,"Chennai Super Kings","ML Hayden"
2009,"Buffalo Park","East London",2009-05-08,"Delhi Daredevils","Mumbai Indians",116/10,118/3,"Delhi Daredevils","A Nehra"
2009,"De Beers Diamond Oval",Kimberley,2009-05-09,"Deccan Chargers","Kings XI Punjab",168/5,169/7,"Kings XI Punjab","DPMD Jayawardene"
2009,"De Beers Diamond Oval",Kimberley,2009-05-09,"Chennai Super Kings","Rajasthan Royals",140/7,141/3,"Chennai Super Kings","S Badrinath"
2009,"St George's Park","Port Elizabeth",2009-05-10,"Royal Challengers Bangalore","Mumbai Indians",157/2,141/7,"Mumbai Indians","JP Duminy"
2009,"New Wanderers Stadium",Johannesburg,2009-05-10,"Delhi Daredevils","Kolkata Knight Riders",123/8,125/3,"Delhi Daredevils","A Mishra"
2009,"De Beers Diamond Oval",Kimberley,2009-05-11,"Deccan Chargers","Rajasthan Royals",166/7,113/10,"Deccan Chargers","DR Smith"
2009,"SuperSport Park",Centurion,2009-05-12,"Royal Challengers Bangalore","Kolkata Knight Riders",173/4,176/4,"Royal Challengers Bangalore","LRPL Taylor"
2009,"SuperSport Park",Centurion,2009-05-12,"Kings XI Punjab","Mumbai Indians",119/9,122/2,"Mumbai Indians","Harbhajan Singh"
2009,Kingsmead,Durban,2009-05-13,"Deccan Chargers","Delhi Daredevils",173/7,161/10,"Delhi Daredevils","R Bhatia"
2009,Kingsmead,Durban,2009-05-14,"Royal Challengers Bangalore","Chennai Super Kings",129/10,132/8,"Royal Challengers Bangalore","LRPL Taylor"
2009,Kingsmead,Durban,2009-05-14,"Mumbai Indians","Rajasthan Royals",145/7,143/10,"Rajasthan Royals","SK Warne"
2009,"OUTsurance Oval",Bloemfontein,2009-05-15,"Delhi Daredevils","Kings XI Punjab",120/9,123/4,"Kings XI Punjab","B Lee"
2009,"St George's Park","Port Elizabeth",2009-05-16,"Chennai Super Kings","Mumbai Indians",147/5,151/3,"Chennai Super Kings","ML Hayden"
2009,"New Wanderers Stadium",Johannesburg,2009-05-16,"Deccan Chargers","Kolkata Knight Riders",160/5,166/4,"Deccan Chargers","RG Sharma"
2009,"New Wanderers Stadium",Johannesburg,2009-05-17,"Deccan Chargers","Kings XI Punjab",134/7,133/8,"Kings XI Punjab","Yuvraj Singh"
2009,"OUTsurance Oval",Bloemfontein,2009-05-17,"Delhi Daredevils","Rajasthan Royals",150/3,136/9,"Delhi Daredevils","AB de Villiers"
2009,"SuperSport Park",Centurion,2009-05-18,"Chennai Super Kings","Kolkata Knight Riders",188/3,189/3,"Kolkata Knight Riders","BJ Hodge"
2009,"New Wanderers Stadium",Johannesburg,2009-05-19,"Royal Challengers Bangalore","Delhi Daredevils",134/7,135/3,"Royal Challengers Bangalore","JH Kallis"
2009,Kingsmead,Durban,2009-05-20,"Kolkata Knight Riders","Rajasthan Royals",101/9,102/6,"Kolkata Knight Riders","LR Shukla"
2009,Kingsmead,Durban,2009-05-20,"Chennai Super Kings","Kings XI Punjab",116/9,92/8,"Chennai Super Kings","M Muralitharan"
2009,"SuperSport Park",Centurion,2009-05-21,"Delhi Daredevils","Mumbai Indians",165/8,166/6,"Delhi Daredevils","V Sehwag"
2009,"SuperSport Park",Centurion,2009-05-21,"Royal Challengers Bangalore","Deccan Chargers",170/4,158/6,"Royal Challengers Bangalore","MK Pandey"
2009,"SuperSport Park",Centurion,2009-05-22,"Delhi Daredevils","Deccan Chargers",153/8,154/4,"Deccan Chargers","AC Gilchrist"
2009,"New Wanderers Stadium",Johannesburg,2009-05-23,"Royal Challengers Bangalore","Chennai Super Kings",146/5,149/4,"Royal Challengers Bangalore","MK Pandey"
2009,"New Wanderers Stadium",Johannesburg,2009-05-24,"Royal Challengers Bangalore","Deccan Chargers",143/6,137/9,"Deccan Chargers","A Kumble"
2010,"Dr DY Patil Sports Academy",Mumbai,2010-03-12,"Deccan Chargers","Kolkata Knight Riders",161/4,150/7,"Kolkata Knight Riders","AD Mathews"
2010,"Brabourne Stadium",Mumbai,2010-03-13,"Mumbai Indians","Rajasthan Royals",212/7,208/7,"Mumbai Indians","YK Pathan"
2010,"Eden Gardens",Kolkata,2010-03-14,"Kolkata Knight Riders","Royal Challengers Bangalore",135/7,136/3,"Kolkata Knight Riders","MK Tiwary"
2010,"M Chinnaswamy Stadium",Bangalore,2010-03-16,"Royal Challengers Bangalore","Kings XI Punjab",203/3,204/2,"Royal Challengers Bangalore","JH Kallis"
2010,"Eden Gardens",Kolkata,2010-03-16,"Kolkata Knight Riders","Chennai Super Kings",164/3,109/10,"Chennai Super Kings","MS Dhoni"
2010,"Feroz Shah Kotla",Delhi,2010-03-17,"Delhi Daredevils","Mumbai Indians",218/7,120/9,"Mumbai Indians","SR Tendulkar"
2010,"M Chinnaswamy Stadium",Bangalore,2010-03-18,"Royal Challengers Bangalore","Rajasthan Royals",92/10,93/0,"Royal Challengers Bangalore","JH Kallis"
2010,"Feroz Shah Kotla",Delhi,2010-03-19,"Delhi Daredevils","Chennai Super Kings",185/6,190/5,"Chennai Super Kings","ML Hayden"
2010,"Barabati Stadium",Cuttack,2010-03-19,"Deccan Chargers","Kings XI Punjab",170/8,164/8,"Deccan Chargers","A Symonds"
2010,"Brabourne Stadium",Mumbai,2010-03-20,"Mumbai Indians","Royal Challengers Bangalore",151/9,155/3,"Royal Challengers Bangalore","JH Kallis"
2010,"Barabati Stadium",Cuttack,2010-03-21,"Deccan Chargers","Delhi Daredevils",171/6,161/9,"Deccan Chargers","A Symonds"
2010,"Brabourne Stadium",Mumbai,2010-03-22,"Mumbai Indians","Kolkata Knight Riders",155/3,156/3,"Mumbai Indians","SR Tendulkar"
2010,"M Chinnaswamy Stadium",Bangalore,2010-03-23,"Royal Challengers Bangalore","Chennai Super Kings",171/5,135/7,"Royal Challengers Bangalore","RV Uthappa"
2010,"Brabourne Stadium",Mumbai,2010-03-25,"Mumbai Indians","Chennai Super Kings",180/2,181/5,"Mumbai Indians","SR Tendulkar"
2010,"M Chinnaswamy Stadium",Bangalore,2010-03-25,"Royal Challengers Bangalore","Delhi Daredevils",183/4,166/9,"Delhi Daredevils","KM Jadhav"
2010,"Dr DY Patil Sports Academy",Mumbai,2010-03-28,"Deccan Chargers","Mumbai Indians",172/7,131/10,"Mumbai Indians","Harbhajan Singh"
2010,"Feroz Shah Kotla",Delhi,2010-03-29,"Delhi Daredevils","Kolkata Knight Riders",177/4,137/9,"Delhi Daredevils","DA Warner"
2010,"Brabourne Stadium",Mumbai,2010-03-30,"Mumbai Indians","Kings XI Punjab",163/10,164/6,"Mumbai Indians","SL Malinga"
2010,"Feroz Shah Kotla",Delhi,2010-03-31,"Delhi Daredevils","Rajasthan Royals",188/6,121/10,"Delhi Daredevils","KD Karthik"
2010,"Eden Gardens",Kolkata,2010-04-01,"Kolkata Knight Riders","Deccan Chargers",181/6,157/5,"Kolkata Knight Riders","SC Ganguly"
2010,"Brabourne Stadium",Mumbai,2010-04-03,"Mumbai Indians","Deccan Chargers",178/5,115/10,"Mumbai Indians","AT Rayudu"
2010,"Eden Gardens",Kolkata,2010-04-04,"Kolkata Knight Riders","Kings XI Punjab",200/3,204/2,"Kings XI Punjab","DPMD Jayawardene"
2010,"Feroz Shah Kotla",Delhi,2010-04-04,"Delhi Daredevils","Royal Challengers Bangalore",184/5,147/9,"Delhi Daredevils","PD Collingwood"
2010,"Sawai Mansingh Stadium",Jaipur,2010-04-07,"Rajasthan Royals","Kings XI Punjab",153/6,157/1,"Rajasthan Royals","MJ Lumb"
2010,"Eden Gardens",Kolkata,2010-04-07,"Kolkata Knight Riders","Delhi Daredevils",181/3,167/8,"Kolkata Knight Riders","SC Ganguly"
2010,"M Chinnaswamy Stadium",Bangalore,2010-04-08,"Royal Challengers Bangalore","Deccan Chargers",184/6,186/3,"Deccan Chargers","TL Suman"
2010,"M Chinnaswamy Stadium",Bangalore,2010-04-10,"Royal Challengers Bangalore","Kolkata Knight Riders",160/9,162/3,"Royal Challengers Bangalore","R Vinay Kumar"
2010,"Feroz Shah Kotla",Delhi,2010-04-11,"Delhi Daredevils","Kings XI Punjab",111/10,112/3,"Kings XI Punjab","PP Chawla"
2010,"Sawai Mansingh Stadium",Jaipur,2010-04-11,"Rajasthan Royals","Mumbai Indians",174/5,137/8,"Mumbai Indians","SR Tendulkar"
2010,"Brabourne Stadium",Mumbai,2010-04-13,"Mumbai Indians","Delhi Daredevils",183/4,144/7,"Mumbai Indians","KA Pollard"
2010,"Sawai Mansingh Stadium",Jaipur,2010-04-14,"Rajasthan Royals","Royal Challengers Bangalore",130/6,132/5,"Royal Challengers Bangalore","KP Pietersen"
2010,"Himachal Pradesh Cricket Association Stadium",Dharamsala,2010-04-16,"Kings XI Punjab","Deccan Chargers",174/3,178/5,"Deccan Chargers","RG Sharma"
2010,"M Chinnaswamy Stadium",Bangalore,2010-04-17,"Royal Challengers Bangalore","Mumbai Indians",191/4,134/9,"Mumbai Indians","R McLaren"
2010,"Eden Gardens",Kolkata,2010-04-17,"Kolkata Knight Riders","Rajasthan Royals",132/9,133/2,"Kolkata Knight Riders","JD Unadkat"
2010,"Himachal Pradesh Cricket Association Stadium",Dharamsala,2010-04-18,"Kings XI Punjab","Chennai Super Kings",192/3,195/4,"Chennai Super Kings","MS Dhoni"
2010,"Feroz Shah Kotla",Delhi,2010-04-18,"Delhi Daredevils","Deccan Chargers",145/7,134/7,"Deccan Chargers","A Symonds"
2010,"Eden Gardens",Kolkata,2010-04-19,"Kolkata Knight Riders","Mumbai Indians",133/8,135/1,"Kolkata Knight Riders","M Kartik"
2010,"Dr DY Patil Sports Academy",Mumbai,2010-04-21,"Royal Challengers Bangalore","Mumbai Indians",184/5,149/9,"Mumbai Indians","KA Pollard"
2010,"Dr DY Patil Sports Academy",Mumbai,2010-04-22,"Chennai Super Kings","Deccan Chargers",142/7,104/10,"Chennai Super Kings","DE Bollinger"
2010,"Dr DY Patil Sports Academy",Mumbai,2010-04-24,"Royal Challengers Bangalore","Deccan Chargers",82/10,86/1,"Royal Challengers Bangalore","A Kumble"
2010,"Dr DY Patil Sports Academy",Mumbai,2010-04-25,"Chennai Super Kings","Mumbai Indians",168/5,146/9,"Chennai Super Kings","SK Raina"
2011,"Nehru Stadium",Kochi,2011-04-09,"Kochi Tuskers Kerala","Royal Challengers Bangalore",161/5,162/4,"Royal Challengers Bangalore","AB de Villiers"
2011,"Feroz Shah Kotla",Delhi,2011-04-10,"Delhi Daredevils","Mumbai Indians",95/10,99/2,"Mumbai Indians","SL Malinga"
2011,"Dr DY Patil Sports Academy",Mumbai,2011-04-10,"Pune Warriors","Kings XI Punjab",112/8,113/3,"Pune Warriors","SB Wagh"
2011,"Eden Gardens",Kolkata,2011-04-11,"Kolkata Knight Riders","Deccan Chargers",163/4,154/8,"Kolkata Knight Riders","JH Kallis"
2011,"Sawai Mansingh Stadium",Jaipur,2011-04-12,"Rajasthan Royals","Delhi Daredevils",151/6,152/4,"Rajasthan Royals","SK Warne"
2011,"M Chinnaswamy Stadium",Bangalore,2011-04-12,"Royal Challengers Bangalore","Mumbai Indians",140/4,143/1,"Mumbai Indians","SR Tendulkar"
2011,"Dr DY Patil Sports Academy",Mumbai,2011-04-13,"Pune Warriors","Kochi Tuskers Kerala",148/8,151/6,"Pune Warriors","MD Mishra"
2011,"Sawai Mansingh Stadium",Jaipur,2011-04-15,"Rajasthan Royals","Kolkata Knight Riders",159/4,160/1,"Kolkata Knight Riders","G Gambhir"
2011,"Wankhede Stadium",Mumbai,2011-04-15,"Mumbai Indians","Kochi Tuskers Kerala",182/2,184/2,"Kochi Tuskers Kerala","BB McCullum"
2011,"Dr DY Patil Sports Academy",Mumbai,2011-04-17,"Pune Warriors","Delhi Daredevils",187/5,190/7,"Delhi Daredevils","Yuvraj Singh"
2011,"Eden Gardens",Kolkata,2011-04-17,"Kolkata Knight Riders","Rajasthan Royals",81/10,85/2,"Kolkata Knight Riders","L Balaji"
2011,"Nehru Stadium",Kochi,2011-04-18,"Kochi Tuskers Kerala","Chennai Super Kings",131/4,135/3,"Kochi Tuskers Kerala","BB McCullum"
2011,"Feroz Shah Kotla",Delhi,2011-04-19,"Delhi Daredevils","Deccan Chargers",168/4,152/7,"Deccan Chargers","S Sohal"
2011,"Wankhede Stadium",Mumbai,2011-04-20,"Mumbai Indians","Pune Warriors",118/10,124/3,"Mumbai Indians","MM Patel"
2011,"Eden Gardens",Kolkata,2011-04-20,"Kolkata Knight Riders","Kochi Tuskers Kerala",132/7,126/9,"Kochi Tuskers Kerala","DPMD Jayawardene"
2011,"Wankhede Stadium",Mumbai,2011-04-22,"Mumbai Indians","Chennai Super Kings",164/4,156/9,"Mumbai Indians","Harbhajan Singh"
2011,"Eden Gardens",Kolkata,2011-04-22,"Kolkata Knight Riders","Royal Challengers Bangalore",171/5,175/1,"Royal Challengers Bangalore","CH Gayle"
2011,"Feroz Shah Kotla",Delhi,2011-04-23,"Delhi Daredevils","Kings XI Punjab",231/4,202/6,"Delhi Daredevils","DA Warner"
2011,"Sawai Mansingh Stadium",Jaipur,2011-04-24,"Rajasthan Royals","Kochi Tuskers Kerala",109/10,111/2,"Rajasthan Royals","SK Warne"
2011,"Feroz Shah Kotla",Delhi,2011-04-26,"Delhi Daredevils","Royal Challengers Bangalore",160/6,161/7,"Royal Challengers Bangalore","V Kohli"
2011,"Dr DY Patil Sports Academy",Mumbai,2011-04-27,"Pune Warriors","Chennai Super Kings",141/6,145/2,"Chennai Super Kings","DE Bollinger"
2011,"Nehru Stadium",Kochi,2011-04-27,"Kochi Tuskers Kerala","Deccan Chargers",129/7,74/10,"Deccan Chargers","I Sharma"
2011,"Feroz Shah Kotla",Delhi,2011-04-28,"Delhi Daredevils","Kolkata Knight Riders",148/7,131/9,"Kolkata Knight Riders","MK Tiwary"
2011,"Sawai Mansingh Stadium",Jaipur,2011-04-29,"Rajasthan Royals","Mumbai Indians",94/8,95/3,"Rajasthan Royals","J Botha"
2011,"M Chinnaswamy Stadium",Bangalore,2011-04-29,"Royal Challengers Bangalore","Pune Warriors",181/5,155/5,"Royal Challengers Bangalore","V Kohli"
2011,"Nehru Stadium",Kochi,2011-04-30,"Kochi Tuskers Kerala","Delhi Daredevils",157/7,119/10,"Delhi Daredevils","V Sehwag"
2011,"Eden Gardens",Kolkata,2011-04-30,"Kolkata Knight Riders","Kings XI Punjab",119/6,120/2,"Kolkata Knight Riders","Iqbal Abdulla"
2011,"Sawai Mansingh Stadium",Jaipur,2011-05-01,"Rajasthan Royals","Pune Warriors",143/7,144/4,"Rajasthan Royals","LRPL Taylor"
2011,"Wankhede Stadium",Mumbai,2011-05-02,"Mumbai Indians","Kings XI Punjab",159/5,136/8,"Mumbai Indians","KA Pollard"
2011,"Feroz Shah Kotla",Delhi,2011-05-02,"Delhi Daredevils","Kochi Tuskers Kerala",140/6,141/3,"Kochi Tuskers Kerala","P Parameswaran"
2011,"Dr DY Patil Sports Academy",Mumbai,2011-05-04,"Pune Warriors","Mumbai Indians",160/7,139/7,"Mumbai Indians","R Sharma"
2011,"Nehru Stadium",Kochi,2011-05-05,"Kochi Tuskers Kerala","Kolkata Knight Riders",156/5,139/7,"Kochi Tuskers Kerala","BJ Hodge"
2011,"M Chinnaswamy Stadium",Bangalore,2011-05-06,"Royal Challengers Bangalore","Kings XI Punjab",205/6,120/9,"Royal Challengers Bangalore","CH Gayle"
2011,"Eden Gardens",Kolkata,2011-05-07,"Kolkata Knight Riders","Chennai Super Kings",114/4,61/2,"Kolkata Knight Riders","Iqbal Abdulla"
2011,"Wankhede Stadium",Mumbai,2011-05-07,"Mumbai Indians","Delhi Daredevils",178/4,146/10,"Mumbai Indians","AT Rayudu"
2011,"M Chinnaswamy Stadium",Bangalore,2011-05-08,"Royal Challengers Bangalore","Kochi Tuskers Kerala",125/9,128/1,"Royal Challengers Bangalore","CH Gayle"
2011,"Sawai Mansingh Stadium",Jaipur,2011-05-09,"Rajasthan Royals","Chennai Super Kings",196/3,133/10,"Chennai Super Kings","M Vijay"
2011,"Sawai Mansingh Stadium",Jaipur,2011-05-11,"Rajasthan Royals","Royal Challengers Bangalore",146/6,151/1,"Royal Challengers Bangalore","S Aravind"
2011,"Holkar Cricket Stadium",Indore,2011-05-13,"Kochi Tuskers Kerala","Kings XI Punjab",178/7,181/4,"Kings XI Punjab","KD Karthik"
2011,"M Chinnaswamy Stadium",Bangalore,2011-05-14,"Royal Challengers Bangalore","Kolkata Knight Riders",89/4,105/6,"Royal Challengers Bangalore","CH Gayle"
2011,"Wankhede Stadium",Mumbai,2011-05-14,"Mumbai Indians","Deccan Chargers",135/6,125/8,"Deccan Chargers","A Mishra"
2011,"Himachal Pradesh Cricket Association Stadium",Dharamsala,2011-05-15,"Kings XI Punjab","Delhi Daredevils",170/6,141/8,"Kings XI Punjab","PP Chawla"
2011,"Holkar Cricket Stadium",Indore,2011-05-15,"Kochi Tuskers Kerala","Rajasthan Royals",97/10,98/2,"Kochi Tuskers Kerala","BJ Hodge"
2011,"Dr DY Patil Sports Academy",Mumbai,2011-05-16,"Pune Warriors","Deccan Chargers",136/9,138/4,"Deccan Chargers","A Mishra"
2011,"Himachal Pradesh Cricket Association Stadium",Dharamsala,2011-05-17,"Kings XI Punjab","Royal Challengers Bangalore",232/2,121/10,"Kings XI Punjab","AC Gilchrist"
2011,"Dr DY Patil Sports Academy",Mumbai,2011-05-19,"Pune Warriors","Kolkata Knight Riders",118/7,119/3,"Kolkata Knight Riders","YK Pathan"
2011,"Wankhede Stadium",Mumbai,2011-05-20,"Mumbai Indians","Rajasthan Royals",133/5,134/0,"Rajasthan Royals","SR Watson"
2011,"Himachal Pradesh Cricket Association Stadium",Dharamsala,2011-05-21,"Kings XI Punjab","Deccan Chargers",198/2,116/10,"Deccan Chargers","S Dhawan"
2011,"Feroz Shah Kotla",Delhi,2011-05-21,"Delhi Daredevils","Pune Warriors",56/3,NULL,NA,NA
2011,"M Chinnaswamy Stadium",Bangalore,2011-05-22,"Royal Challengers Bangalore","Chennai Super Kings",128/8,129/2,"Royal Challengers Bangalore","CH Gayle"
2011,"Eden Gardens",Kolkata,2011-05-22,"Kolkata Knight Riders","Mumbai Indians",175/7,178/5,"Mumbai Indians","JEC Franklin"
2011,"Wankhede Stadium",Mumbai,2011-05-24,"Royal Challengers Bangalore","Chennai Super Kings",175/4,177/4,"Chennai Super Kings","SK Raina"
2011,"Wankhede Stadium",Mumbai,2011-05-25,"Mumbai Indians","Kolkata Knight Riders",147/7,148/6,"Mumbai Indians","MM Patel"
2012,"Eden Gardens",Kolkata,2012-04-05,"Kolkata Knight Riders","Delhi Daredevils",97/9,100/2,"Delhi Daredevils","IK Pathan"
2012,"Wankhede Stadium",Mumbai,2012-04-06,"Mumbai Indians","Pune Warriors",129/9,101/9,"Pune Warriors","SPD Smith"
2012,"Sawai Mansingh Stadium",Jaipur,2012-04-06,"Rajasthan Royals","Kings XI Punjab",191/4,160/9,"Rajasthan Royals","AM Rahane"
2012,"M Chinnaswamy Stadium",Bangalore,2012-04-07,"Royal Challengers Bangalore","Delhi Daredevils",157/8,137/7,"Royal Challengers Bangalore","AB de Villiers"
2012,"Dr. Y.S. Rajasekhara Reddy ACA-VDCA Cricket Stadium",Visakhapatnam,2012-04-07,"Deccan Chargers","Chennai Super Kings",193/6,119/10,"Chennai Super Kings","RA Jadeja"
2012,"Sawai Mansingh Stadium",Jaipur,2012-04-08,"Rajasthan Royals","Kolkata Knight Riders",164/5,142/10,"Rajasthan Royals","BJ Hodge"
2012,"Subrata Roy Sahara Stadium",Pune,2012-04-08,"Pune Warriors","Kings XI Punjab",166/6,144/8,"Pune Warriors","MN Samuels"
2012,"Dr. Y.S. Rajasekhara Reddy ACA-VDCA Cricket Stadium",Visakhapatnam,2012-04-09,"Deccan Chargers","Mumbai Indians",138/9,142/5,"Mumbai Indians","RG Sharma"
2012,"M Chinnaswamy Stadium",Bangalore,2012-04-10,"Royal Challengers Bangalore","Kolkata Knight Riders",165/8,123/9,"Kolkata Knight Riders","L Balaji"
2012,"Feroz Shah Kotla",Delhi,2012-04-10,"Delhi Daredevils","Chennai Super Kings",110/8,111/2,"Delhi Daredevils","M Morkel"
2012,"Wankhede Stadium",Mumbai,2012-04-11,"Mumbai Indians","Rajasthan Royals",197/6,170/10,"Mumbai Indians","KA Pollard"
2012,"Eden Gardens",Kolkata,2012-04-13,"Kolkata Knight Riders","Rajasthan Royals",131/5,137/5,"Kolkata Knight Riders","Shakib Al Hasan"
2012,"Feroz Shah Kotla",Delhi,2012-04-19,"Delhi Daredevils","Deccan Chargers",157/8,162/5,"Delhi Daredevils","KP Pietersen"
2012,"Subrata Roy Sahara Stadium",Pune,2012-04-14,"Pune Warriors","Chennai Super Kings",155/5,156/3,"Pune Warriors","JD Ryder"
2012,"Eden Gardens",Kolkata,2012-04-15,"Kolkata Knight Riders","Kings XI Punjab",134/9,132/7,"Kings XI Punjab","SP Narine"
2012,"M Chinnaswamy Stadium",Bangalore,2012-04-15,"Royal Challengers Bangalore","Rajasthan Royals",195/2,136/10,"Rajasthan Royals","AM Rahane"
2012,"Wankhede Stadium",Mumbai,2012-04-16,"Mumbai Indians","Delhi Daredevils",92/10,93/3,"Delhi Daredevils","S Nadeem"
2012,"Sawai Mansingh Stadium",Jaipur,2012-04-17,"Rajasthan Royals","Deccan Chargers",196/2,197/5,"Rajasthan Royals","BJ Hodge"
2012,"M Chinnaswamy Stadium",Bangalore,2012-04-17,"Royal Challengers Bangalore","Pune Warriors",182/6,186/4,"Royal Challengers Bangalore","CH Gayle"
2012,"Feroz Shah Kotla",Delhi,2012-04-21,"Delhi Daredevils","Pune Warriors",192/3,172/7,"Pune Warriors","SC Ganguly"
2012,"Wankhede Stadium",Mumbai,2012-04-22,"Mumbai Indians","Kings XI Punjab",163/6,164/4,"Kings XI Punjab","SE Marsh"
2012,"Barabati Stadium",Cuttack,2012-04-22,"Deccan Chargers","Kolkata Knight Riders",126/7,127/5,"Kolkata Knight Riders","B Lee"
2012,"Sawai Mansingh Stadium",Jaipur,2012-04-23,"Rajasthan Royals","Royal Challengers Bangalore",189/3,143/7,"Royal Challengers Bangalore","AB de Villiers"
2012,"Subrata Roy Sahara Stadium",Pune,2012-04-24,"Pune Warriors","Delhi Daredevils",146/2,148/2,"Delhi Daredevils","V Sehwag"
2012,"Subrata Roy Sahara Stadium",Pune,2012-04-26,"Pune Warriors","Deccan Chargers",177/4,159/7,"Deccan Chargers","CL White"
2012,"Feroz Shah Kotla",Delhi,2012-04-27,"Delhi Daredevils","Mumbai Indians",207/5,170/9,"Delhi Daredevils","V Sehwag"
2012,"Eden Gardens",Kolkata,2012-04-28,"Kolkata Knight Riders","Royal Challengers Bangalore",190/4,143/6,"Kolkata Knight Riders","G Gambhir"
2012,"Feroz Shah Kotla",Delhi,2012-04-29,"Delhi Daredevils","Rajasthan Royals",152/6,151/3,"Delhi Daredevils","V Sehwag"
2012,"Wankhede Stadium",Mumbai,2012-04-29,"Mumbai Indians","Deccan Chargers",100/10,101/5,"Mumbai Indians","DW Steyn"
2012,"Barabati Stadium",Cuttack,2012-05-01,"Deccan Chargers","Pune Warriors",186/4,173/5,"Deccan Chargers","KC Sangakkara"
2012,"Sawai Mansingh Stadium",Jaipur,2012-05-01,"Rajasthan Royals","Delhi Daredevils",141/6,144/4,"Delhi Daredevils","P Negi"
2012,"M Chinnaswamy Stadium",Bangalore,2012-05-02,"Royal Challengers Bangalore","Kings XI Punjab",158/5,163/6,"Kings XI Punjab","Azhar Mahmood"
2012,"Subrata Roy Sahara Stadium",Pune,2012-05-03,"Pune Warriors","Mumbai Indians",120/9,119/6,"Mumbai Indians","SL Malinga"
2012,"Eden Gardens",Kolkata,2012-05-05,"Kolkata Knight Riders","Pune Warriors",150/5,143/8,"Kolkata Knight Riders","SP Narine"
2012,"Wankhede Stadium",Mumbai,2012-05-06,"Mumbai Indians","Chennai Super Kings",173/8,174/8,"Mumbai Indians","DR Smith"
2012,"M Chinnaswamy Stadium",Bangalore,2012-05-06,"Royal Challengers Bangalore","Deccan Chargers",181/2,185/5,"Royal Challengers Bangalore","AB de Villiers"
2012,"Feroz Shah Kotla",Delhi,2012-05-07,"Delhi Daredevils","Kolkata Knight Riders",153/9,154/4,"Kolkata Knight Riders","JH Kallis"
2012,"Subrata Roy Sahara Stadium",Pune,2012-05-08,"Pune Warriors","Rajasthan Royals",125/6,126/3,"Rajasthan Royals","SR Watson"
2012,"Wankhede Stadium",Mumbai,2012-05-09,"Mumbai Indians","Royal Challengers Bangalore",141/6,142/1,"Royal Challengers Bangalore","CH Gayle"
2012,"Sawai Mansingh Stadium",Jaipur,2012-05-10,"Rajasthan Royals","Chennai Super Kings",126/6,127/6,"Chennai Super Kings","BW Hilfenhaus"
2012,"Subrata Roy Sahara Stadium",Pune,2012-05-11,"Pune Warriors","Royal Challengers Bangalore",173/3,138/9,"Royal Challengers Bangalore","CH Gayle"
2012,"Eden Gardens",Kolkata,2012-05-12,"Kolkata Knight Riders","Mumbai Indians",182/1,155/4,"Mumbai Indians","RG Sharma"
2012,"Sawai Mansingh Stadium",Jaipur,2012-05-13,"Rajasthan Royals","Pune Warriors",170/4,125/9,"Rajasthan Royals","A Chandila"
2012,"M Chinnaswamy Stadium",Bangalore,2012-05-14,"Royal Challengers Bangalore","Mumbai Indians",171/6,173/5,"Mumbai Indians","AT Rayudu"
2012,"Eden Gardens",Kolkata,2012-05-14,"Kolkata Knight Riders","Chennai Super Kings",158/6,160/5,"Chennai Super Kings","MEK Hussey"
2012,"Feroz Shah Kotla",Delhi,2012-05-15,"Delhi Daredevils","Kings XI Punjab",136/8,140/5,"Delhi Daredevils","UT Yadav"
2012,"Wankhede Stadium",Mumbai,2012-05-16,"Mumbai Indians","Kolkata Knight Riders",140/7,108/10,"Kolkata Knight Riders","SP Narine"
2012,"Himachal Pradesh Cricket Association Stadium",Dharamsala,2012-05-17,"Kings XI Punjab","Chennai Super Kings",120/7,123/4,"Kings XI Punjab","AC Gilchrist"
2012,"Feroz Shah Kotla",Delhi,2012-05-17,"Delhi Daredevils","Royal Challengers Bangalore",215/1,194/9,"Royal Challengers Bangalore","CH Gayle"
2012,"Himachal Pradesh Cricket Association Stadium",Dharamsala,2012-05-19,"Kings XI Punjab","Delhi Daredevils",141/8,145/4,"Delhi Daredevils","UT Yadav"
2012,"Subrata Roy Sahara Stadium",Pune,2012-05-19,"Pune Warriors","Kolkata Knight Riders",136/4,102/8,"Kolkata Knight Riders","Shakib Al Hasan"
2012,"Sawai Mansingh Stadium",Jaipur,2012-05-20,"Rajasthan Royals","Mumbai Indians",162/6,163/0,"Mumbai Indians","DR Smith"
2012,"Subrata Roy Sahara Stadium",Pune,2012-05-22,"Delhi Daredevils","Kolkata Knight Riders",162/4,144/8,"Kolkata Knight Riders","YK Pathan"
2012,"M Chinnaswamy Stadium",Bangalore,2012-05-23,"Chennai Super Kings","Mumbai Indians",187/5,149/9,"Chennai Super Kings","MS Dhoni"
2013,"Eden Gardens",Kolkata,2013-04-03,"Kolkata Knight Riders","Delhi Daredevils",128/10,129/4,"Kolkata Knight Riders","SP Narine"
2013,"M Chinnaswamy Stadium",Bangalore,2013-04-04,"Royal Challengers Bangalore","Mumbai Indians",156/5,154/5,"Royal Challengers Bangalore","CH Gayle"
2013,"Feroz Shah Kotla",Delhi,2013-04-06,"Delhi Daredevils","Rajasthan Royals",165/7,160/6,"Rajasthan Royals","R Dravid"
2013,"Subrata Roy Sahara Stadium",Pune,2013-04-07,"Pune Warriors","Kings XI Punjab",99/9,100/2,"Kings XI Punjab","M Vohra"
2013,"Sawai Mansingh Stadium",Jaipur,2013-04-08,"Rajasthan Royals","Kolkata Knight Riders",144/6,125/10,"Rajasthan Royals","SK Trivedi"
2013,"Wankhede Stadium",Mumbai,2013-04-09,"Mumbai Indians","Delhi Daredevils",209/5,165/9,"Mumbai Indians","KD Karthik"
2013,"M Chinnaswamy Stadium",Bangalore,2013-04-11,"Royal Challengers Bangalore","Kolkata Knight Riders",154/8,158/2,"Royal Challengers Bangalore","CH Gayle"
2013,"Subrata Roy Sahara Stadium",Pune,2013-04-11,"Pune Warriors","Rajasthan Royals",145/5,148/3,"Pune Warriors","AJ Finch"
2013,"Feroz Shah Kotla",Delhi,2013-04-12,"Delhi Daredevils","Sunrisers Hyderabad",114/8,115/7,"Sunrisers Hyderabad","A Mishra"
2013,"Wankhede Stadium",Mumbai,2013-04-13,"Mumbai Indians","Pune Warriors",183/3,142/8,"Mumbai Indians","RG Sharma"
2013,"Eden Gardens",Kolkata,2013-04-14,"Kolkata Knight Riders","Sunrisers Hyderabad",180/4,132/7,"Kolkata Knight Riders","G Gambhir"
2013,"Sawai Mansingh Stadium",Jaipur,2013-04-14,"Rajasthan Royals","Kings XI Punjab",124/10,126/4,"Rajasthan Royals","JP Faulkner"
2013,"M Chinnaswamy Stadium",Bangalore,2013-04-16,"Royal Challengers Bangalore","Delhi Daredevils",152/5,152/7,"Royal Challengers Bangalore","V Kohli"
2013,"Subrata Roy Sahara Stadium",Pune,2013-04-17,"Pune Warriors","Sunrisers Hyderabad",119/8,108/10,"Sunrisers Hyderabad","A Mishra"
2013,"Sawai Mansingh Stadium",Jaipur,2013-04-17,"Rajasthan Royals","Mumbai Indians",179/3,92/10,"Rajasthan Royals","AM Rahane"
2013,"Feroz Shah Kotla",Delhi,2013-04-18,"Delhi Daredevils","Chennai Super Kings",169/4,83/10,"Chennai Super Kings","MEK Hussey"
2013,"Eden Gardens",Kolkata,2013-04-20,"Kolkata Knight Riders","Chennai Super Kings",119/9,124/6,"Chennai Super Kings","RA Jadeja"
2013,"M Chinnaswamy Stadium",Bangalore,2013-04-20,"Royal Challengers Bangalore","Rajasthan Royals",117/10,123/3,"Royal Challengers Bangalore","R Vinay Kumar"
2013,"Feroz Shah Kotla",Delhi,2013-04-21,"Delhi Daredevils","Mumbai Indians",161/4,165/1,"Delhi Daredevils","V Sehwag"
2013,"M Chinnaswamy Stadium",Bangalore,2013-04-23,"Royal Challengers Bangalore","Pune Warriors",263/5,133/9,"Royal Challengers Bangalore","CH Gayle"
2013,"Himachal Pradesh Cricket Association Stadium",Dharamsala,2013-05-16,"Kings XI Punjab","Delhi Daredevils",171/4,164/7,"Kings XI Punjab","DA Miller"
2013,"Eden Gardens",Kolkata,2013-04-24,"Kolkata Knight Riders","Mumbai Indians",159/6,162/5,"Mumbai Indians","DR Smith"
2013,"Eden Gardens",Kolkata,2013-04-26,"Kolkata Knight Riders","Kings XI Punjab",149/6,150/4,"Kolkata Knight Riders","JH Kallis"
2013,"Sawai Mansingh Stadium",Jaipur,2013-04-27,"Rajasthan Royals","Sunrisers Hyderabad",144/9,146/2,"Rajasthan Royals","JP Faulkner"
2013,"Wankhede Stadium",Mumbai,2013-04-27,"Mumbai Indians","Royal Challengers Bangalore",194/7,136/7,"Mumbai Indians","DR Smith"
2013,"Shaheed Veer Narayan Singh International Stadium",Raipur,2013-04-28,"Delhi Daredevils","Pune Warriors",164/5,149/4,"Delhi Daredevils","DA Warner"
2013,"Sawai Mansingh Stadium",Jaipur,2013-04-29,"Rajasthan Royals","Royal Challengers Bangalore",171/6,173/6,"Rajasthan Royals","SV Samson"
2013,"Wankhede Stadium",Mumbai,2013-04-29,"Mumbai Indians","Kings XI Punjab",174/3,170/10,"Mumbai Indians","RG Sharma"
2013,"Subrata Roy Sahara Stadium",Pune,2013-04-30,"Pune Warriors","Chennai Super Kings",164/3,127/9,"Chennai Super Kings","MS Dhoni"
2013,"Shaheed Veer Narayan Singh International Stadium",Raipur,2013-05-01,"Delhi Daredevils","Kolkata Knight Riders",136/7,137/3,"Delhi Daredevils","DA Warner"
2013,"Subrata Roy Sahara Stadium",Pune,2013-05-02,"Pune Warriors","Royal Challengers Bangalore",187/3,170/9,"Royal Challengers Bangalore","AB de Villiers"
2013,"Eden Gardens",Kolkata,2013-05-03,"Kolkata Knight Riders","Rajasthan Royals",132/6,133/2,"Kolkata Knight Riders","YK Pathan"
2013,"M Chinnaswamy Stadium",Bangalore,2013-05-14,"Royal Challengers Bangalore","Kings XI Punjab",174/5,176/3,"Kings XI Punjab","AC Gilchrist"
2013,"Wankhede Stadium",Mumbai,2013-05-05,"Mumbai Indians","Chennai Super Kings",139/5,79/10,"Mumbai Indians","MG Johnson"
2013,"Sawai Mansingh Stadium",Jaipur,2013-05-05,"Rajasthan Royals","Pune Warriors",178/4,182/5,"Rajasthan Royals","AM Rahane"
2013,"M Chinnaswamy Stadium",Bangalore,2013-04-09,"Royal Challengers Bangalore","Sunrisers Hyderabad",161/6,162/3,"Royal Challengers Bangalore","V Kohli"
2013,"Sawai Mansingh Stadium",Jaipur,2013-05-07,"Rajasthan Royals","Delhi Daredevils",154/4,155/1,"Rajasthan Royals","AM Rahane"
2013,"Wankhede Stadium",Mumbai,2013-05-07,"Mumbai Indians","Kolkata Knight Riders",170/6,105/10,"Mumbai Indians","SR Tendulkar"
2013,"Subrata Roy Sahara Stadium",Pune,2013-05-09,"Pune Warriors","Kolkata Knight Riders",152/6,106/10,"Kolkata Knight Riders","G Gambhir"
2013,"Feroz Shah Kotla",Delhi,2013-05-10,"Delhi Daredevils","Royal Challengers Bangalore",183/4,179/7,"Royal Challengers Bangalore","JD Unadkat"
2013,"Subrata Roy Sahara Stadium",Pune,2013-05-11,"Pune Warriors","Mumbai Indians",112/8,116/5,"Mumbai Indians","MG Johnson"
2013,"JSCA International Stadium Complex",Ranchi,2013-05-12,"Kolkata Knight Riders","Royal Challengers Bangalore",115/9,116/5,"Kolkata Knight Riders","JH Kallis"
2013,"Sawai Mansingh Stadium",Jaipur,2013-05-12,"Rajasthan Royals","Chennai Super Kings",141/4,144/5,"Rajasthan Royals","SR Watson"
2013,"Feroz Shah Kotla",Delhi,2013-04-23,"Delhi Daredevils","Kings XI Punjab",120/7,121/5,"Kings XI Punjab","Harmeet Singh"
2013,"Wankhede Stadium",Mumbai,2013-05-13,"Mumbai Indians","Sunrisers Hyderabad",178/3,184/4,"Mumbai Indians","KA Pollard"
2013,"JSCA International Stadium Complex",Ranchi,2013-05-15,"Kolkata Knight Riders","Pune Warriors",170/4,163/7,"Pune Warriors","MK Pandey"
2013,"Wankhede Stadium",Mumbai,2013-05-15,"Mumbai Indians","Rajasthan Royals",166/8,152/7,"Mumbai Indians","AP Tare"
2013,"Himachal Pradesh Cricket Association Stadium",Dharamsala,2013-05-18,"Kings XI Punjab","Mumbai Indians",183/8,133/9,"Kings XI Punjab","Azhar Mahmood"
2013,"Subrata Roy Sahara Stadium",Pune,2013-05-19,"Pune Warriors","Delhi Daredevils",172/5,134/9,"Pune Warriors","LJ Wright"
2013,"M Chinnaswamy Stadium",Bangalore,2013-05-18,"Royal Challengers Bangalore","Chennai Super Kings",106/2,82/6,"Royal Challengers Bangalore","V Kohli"
2013,"Feroz Shah Kotla",Delhi,2013-05-21,"Chennai Super Kings","Mumbai Indians",192/1,144/10,"Chennai Super Kings","MEK Hussey"
2013,"Feroz Shah Kotla",Delhi,2013-05-22,"Rajasthan Royals","Sunrisers Hyderabad",132/7,135/6,"Rajasthan Royals","BJ Hodge"
2013,"Eden Gardens",Kolkata,2013-05-24,"Mumbai Indians","Rajasthan Royals",165/6,169/6,"Mumbai Indians","Harbhajan Singh"
2013,"Eden Gardens",Kolkata,2013-05-26,"Chennai Super Kings","Mumbai Indians",148/9,125/9,"Mumbai Indians","KA Pollard"
2014,"Sheikh Zayed Stadium","Abu Dhabi",2014-04-16,"Mumbai Indians","Kolkata Knight Riders",163/5,122/7,"Kolkata Knight Riders","JH Kallis"
2014,"Sharjah Cricket Stadium",NA,2014-04-17,"Delhi Daredevils","Royal Challengers Bangalore",145/4,146/2,"Royal Challengers Bangalore","YS Chahal"
2014,"Sheikh Zayed Stadium","Abu Dhabi",2014-04-18,"Chennai Super Kings","Kings XI Punjab",205/4,206/4,"Kings XI Punjab","GJ Maxwell"
2014,"Sheikh Zayed Stadium","Abu Dhabi",2014-04-18,"Sunrisers Hyderabad","Rajasthan Royals",133/6,135/6,"Rajasthan Royals","AM Rahane"
2014,"Dubai International Cricket Stadium",NA,2014-04-19,"Royal Challengers Bangalore","Mumbai Indians",115/9,116/3,"Royal Challengers Bangalore","PA Patel"
2014,"Dubai International Cricket Stadium",NA,2014-04-19,"Kolkata Knight Riders","Delhi Daredevils",166/5,167/6,"Delhi Daredevils","JP Duminy"
2014,"Sharjah Cricket Stadium",NA,2014-04-20,"Rajasthan Royals","Kings XI Punjab",191/5,193/3,"Kings XI Punjab","GJ Maxwell"
2014,"Sheikh Zayed Stadium","Abu Dhabi",2014-04-21,"Chennai Super Kings","Delhi Daredevils",177/7,84/9,"Chennai Super Kings","SK Raina"
2014,"Sharjah Cricket Stadium",NA,2014-04-22,"Kings XI Punjab","Sunrisers Hyderabad",193/6,121/10,"Kings XI Punjab","GJ Maxwell"
2014,"Dubai International Cricket Stadium",NA,2014-04-23,"Rajasthan Royals","Chennai Super Kings",140/6,133/10,"Chennai Super Kings","RA Jadeja"
2014,"Sharjah Cricket Stadium",NA,2014-04-24,"Royal Challengers Bangalore","Kolkata Knight Riders",150/7,148/5,"Kolkata Knight Riders","CA Lynn"
2014,"Dubai International Cricket Stadium",NA,2014-04-25,"Sunrisers Hyderabad","Delhi Daredevils",184/1,180/4,"Sunrisers Hyderabad","AJ Finch"
2014,"Dubai International Cricket Stadium",NA,2014-04-25,"Chennai Super Kings","Mumbai Indians",141/7,142/3,"Chennai Super Kings","MM Sharma"
2014,"Sheikh Zayed Stadium","Abu Dhabi",2014-04-26,"Rajasthan Royals","Royal Challengers Bangalore",70/10,71/4,"Rajasthan Royals","PV Tambe"
2014,"Sheikh Zayed Stadium","Abu Dhabi",2014-04-26,"Kolkata Knight Riders","Kings XI Punjab",132/9,109/10,"Kings XI Punjab","Sandeep Sharma"
2014,"Sharjah Cricket Stadium",NA,2014-04-27,"Delhi Daredevils","Mumbai Indians",125/7,126/4,"Delhi Daredevils","M Vijay"
2014,"Sharjah Cricket Stadium",NA,2014-04-27,"Sunrisers Hyderabad","Chennai Super Kings",145/5,146/5,"Chennai Super Kings","DR Smith"
2014,"Dubai International Cricket Stadium",NA,2014-04-28,"Kings XI Punjab","Royal Challengers Bangalore",124/8,127/5,"Kings XI Punjab","Sandeep Sharma"
2014,"Sheikh Zayed Stadium","Abu Dhabi",2014-04-29,"Kolkata Knight Riders","Rajasthan Royals",152/5,152/8,"Rajasthan Royals","JP Faulkner"
2014,"Dubai International Cricket Stadium",NA,2014-04-30,"Mumbai Indians","Sunrisers Hyderabad",172/5,157/7,"Sunrisers Hyderabad","B Kumar"
2014,"JSCA International Stadium Complex",Ranchi,2014-05-02,"Chennai Super Kings","Kolkata Knight Riders",148/3,114/9,"Chennai Super Kings","RA Jadeja"
2014,"Wankhede Stadium",Mumbai,2014-05-03,"Mumbai Indians","Kings XI Punjab",168/5,170/5,"Mumbai Indians","CJ Anderson"
2014,"Feroz Shah Kotla",Delhi,2014-05-03,"Delhi Daredevils","Rajasthan Royals",152/5,156/3,"Rajasthan Royals","KK Nair"
2014,"M Chinnaswamy Stadium",Bangalore,2014-05-04,"Royal Challengers Bangalore","Sunrisers Hyderabad",155/6,158/6,"Royal Challengers Bangalore","AB de Villiers"
2014,"Feroz Shah Kotla",Delhi,2014-05-05,"Delhi Daredevils","Chennai Super Kings",178/5,181/2,"Chennai Super Kings","DR Smith"
2014,"Wankhede Stadium",Mumbai,2014-05-06,"Mumbai Indians","Royal Challengers Bangalore",187/5,168/8,"Mumbai Indians","RG Sharma"
2014,"Feroz Shah Kotla",Delhi,2014-05-07,"Delhi Daredevils","Kolkata Knight Riders",160/5,161/2,"Kolkata Knight Riders","G Gambhir"
2014,"Barabati Stadium",Cuttack,2014-05-07,"Kings XI Punjab","Chennai Super Kings",231/4,187/6,"Kings XI Punjab","GJ Maxwell"
2014,"M Chinnaswamy Stadium",Bangalore,2014-05-09,"Royal Challengers Bangalore","Kings XI Punjab",198/8,166/9,"Kings XI Punjab","Sandeep Sharma"
2014,"Feroz Shah Kotla",Delhi,2014-05-10,"Delhi Daredevils","Sunrisers Hyderabad",143/7,44/2,"Sunrisers Hyderabad","DW Steyn"
2014,"Wankhede Stadium",Mumbai,2014-05-10,"Mumbai Indians","Chennai Super Kings",157/6,160/6,"Chennai Super Kings","DR Smith"
2014,"Barabati Stadium",Cuttack,2014-05-11,"Kings XI Punjab","Kolkata Knight Riders",149/8,150/1,"Kolkata Knight Riders","G Gambhir"
2014,"M Chinnaswamy Stadium",Bangalore,2014-05-11,"Royal Challengers Bangalore","Rajasthan Royals",190/5,191/5,"Rajasthan Royals","JP Faulkner"
2014,"JSCA International Stadium Complex",Ranchi,2014-05-13,"Chennai Super Kings","Rajasthan Royals",148/8,149/5,"Chennai Super Kings","RA Jadeja"
2014,"M Chinnaswamy Stadium",Bangalore,2014-05-13,"Royal Challengers Bangalore","Delhi Daredevils",186/4,170/7,"Royal Challengers Bangalore","Yuvraj Singh"
2014,"Barabati Stadium",Cuttack,2014-05-14,"Kolkata Knight Riders","Mumbai Indians",141/5,142/4,"Kolkata Knight Riders","RV Uthappa"
2014,"JSCA International Stadium Complex",Ranchi,2014-05-18,"Chennai Super Kings","Royal Challengers Bangalore",138/4,142/5,"Royal Challengers Bangalore","AB de Villiers"
2014,"Feroz Shah Kotla",Delhi,2014-05-19,"Delhi Daredevils","Kings XI Punjab",164/7,165/6,"Kings XI Punjab","AR Patel"
2014,"Eden Gardens",Kolkata,2014-05-20,"Kolkata Knight Riders","Chennai Super Kings",154/4,156/2,"Kolkata Knight Riders","RV Uthappa"
2014,"Eden Gardens",Kolkata,2014-05-22,"Kolkata Knight Riders","Royal Challengers Bangalore",195/4,165/5,"Kolkata Knight Riders","RV Uthappa"
2014,"JSCA International Stadium Complex",Ranchi,2014-05-22,"Chennai Super Kings","Sunrisers Hyderabad",185/3,189/4,"Sunrisers Hyderabad","DA Warner"
2014,"Wankhede Stadium",Mumbai,2014-05-23,"Mumbai Indians","Delhi Daredevils",173/10,158/4,"Mumbai Indians","MEK Hussey"
2014,"M Chinnaswamy Stadium",Bangalore,2014-05-24,"Royal Challengers Bangalore","Chennai Super Kings",154/6,160/2,"Chennai Super Kings","MS Dhoni"
2014,"Eden Gardens",Kolkata,2014-05-24,"Kolkata Knight Riders","Sunrisers Hyderabad",160/7,161/6,"Kolkata Knight Riders","YK Pathan"
2014,"Wankhede Stadium",Mumbai,2014-05-25,"Mumbai Indians","Rajasthan Royals",189/4,195/5,"Mumbai Indians","CJ Anderson"
2014,"Eden Gardens",Kolkata,2014-05-27,"Kings XI Punjab","Kolkata Knight Riders",163/8,135/8,"Kolkata Knight Riders","UT Yadav"
2014,"Brabourne Stadium",Mumbai,2014-05-28,"Chennai Super Kings","Mumbai Indians",173/8,176/3,"Chennai Super Kings","SK Raina"
2014,"Wankhede Stadium",Mumbai,2014-05-30,"Chennai Super Kings","Kings XI Punjab",226/6,202/7,"Kings XI Punjab","V Sehwag"
2014,"M Chinnaswamy Stadium",Bangalore,2014-06-01,"Kolkata Knight Riders","Kings XI Punjab",199/4,200/7,"Kolkata Knight Riders","MK Pandey"
2015,"Eden Gardens",Kolkata,2015-04-08,"Kolkata Knight Riders","Mumbai Indians",168/3,170/3,"Kolkata Knight Riders","M Morkel"
2015,"Maharashtra Cricket Association Stadium",Pune,2015-04-10,"Kings XI Punjab","Rajasthan Royals",162/7,136/8,"Rajasthan Royals","JP Faulkner"
2015,"Eden Gardens",Kolkata,2015-04-11,"Kolkata Knight Riders","Royal Challengers Bangalore",177/6,179/7,"Royal Challengers Bangalore","CH Gayle"
2015,"Feroz Shah Kotla",Delhi,2015-04-12,"Delhi Daredevils","Rajasthan Royals",184/3,186/7,"Rajasthan Royals","DJ Hooda"
2015,"Wankhede Stadium",Mumbai,2015-04-12,"Mumbai Indians","Kings XI Punjab",177/5,159/7,"Kings XI Punjab","GJ Bailey"
2015,"M Chinnaswamy Stadium",Bangalore,2015-04-13,"Royal Challengers Bangalore","Sunrisers Hyderabad",166/10,172/2,"Sunrisers Hyderabad","DA Warner"
2015,"Eden Gardens",Kolkata,2015-04-30,"Kolkata Knight Riders","Chennai Super Kings",165/9,169/3,"Kolkata Knight Riders","AD Russell"
2015,"Maharashtra Cricket Association Stadium",Pune,2015-04-15,"Kings XI Punjab","Delhi Daredevils",165/7,169/5,"Delhi Daredevils","MA Agarwal"
2015,"Dr. Y.S. Rajasekhara Reddy ACA-VDCA Cricket Stadium",Visakhapatnam,2015-04-16,"Sunrisers Hyderabad","Rajasthan Royals",127/5,131/4,"Rajasthan Royals","AM Rahane"
2015,"Wankhede Stadium",Mumbai,2015-04-17,"Mumbai Indians","Chennai Super Kings",183/7,189/4,"Chennai Super Kings","A Nehra"
2015,"Dr. Y.S. Rajasekhara Reddy ACA-VDCA Cricket Stadium",Visakhapatnam,2015-04-18,"Sunrisers Hyderabad","Delhi Daredevils",167/4,163/8,"Delhi Daredevils","JP Duminy"
2015,"Maharashtra Cricket Association Stadium",Pune,2015-04-18,"Kings XI Punjab","Kolkata Knight Riders",155/9,159/6,"Kolkata Knight Riders","AD Russell"
2015,"M Chinnaswamy Stadium",Bangalore,2015-04-19,"Royal Challengers Bangalore","Mumbai Indians",209/7,191/7,"Mumbai Indians","Harbhajan Singh"
2015,"Feroz Shah Kotla",Delhi,2015-04-20,"Delhi Daredevils","Kolkata Knight Riders",146/8,147/4,"Kolkata Knight Riders","UT Yadav"
2015,"Dr. Y.S. Rajasekhara Reddy ACA-VDCA Cricket Stadium",Visakhapatnam,2015-04-22,"Sunrisers Hyderabad","Kolkata Knight Riders",176/4,101/4,"Sunrisers Hyderabad","DA Warner"
2015,"M Chinnaswamy Stadium",Bangalore,2015-04-22,"Royal Challengers Bangalore","Chennai Super Kings",181/8,154/8,"Chennai Super Kings","SK Raina"
2015,"Feroz Shah Kotla",Delhi,2015-04-23,"Delhi Daredevils","Mumbai Indians",190/4,153/9,"Delhi Daredevils","SS Iyer"
2015,"Wankhede Stadium",Mumbai,2015-04-25,"Mumbai Indians","Sunrisers Hyderabad",157/8,137/8,"Mumbai Indians","SL Malinga"
2015,"Feroz Shah Kotla",Delhi,2015-04-26,"Delhi Daredevils","Royal Challengers Bangalore",95/10,99/0,"Royal Challengers Bangalore","VR Aaron"
2015,"Eden Gardens",Kolkata,2015-05-07,"Kolkata Knight Riders","Delhi Daredevils",171/7,158/6,"Kolkata Knight Riders","PP Chawla"
2015,"M Chinnaswamy Stadium",Bangalore,2015-04-29,"Royal Challengers Bangalore","Rajasthan Royals",200/7,NULL,NA,NA
2015,"Feroz Shah Kotla",Delhi,2015-05-01,"Delhi Daredevils","Kings XI Punjab",118/8,119/1,"Delhi Daredevils","NM Coulter-Nile"
2015,"Wankhede Stadium",Mumbai,2015-05-01,"Mumbai Indians","Rajasthan Royals",187/5,179/7,"Mumbai Indians","AT Rayudu"
2015,"M Chinnaswamy Stadium",Bangalore,2015-05-02,"Royal Challengers Bangalore","Kolkata Knight Riders",111/4,115/3,"Royal Challengers Bangalore","Mandeep Singh"
2015,"Brabourne Stadium",Mumbai,2015-05-03,"Rajasthan Royals","Delhi Daredevils",189/2,175/7,"Rajasthan Royals","AM Rahane"
2015,"Eden Gardens",Kolkata,2015-05-04,"Kolkata Knight Riders","Sunrisers Hyderabad",167/7,132/9,"Kolkata Knight Riders","UT Yadav"
2015,"Wankhede Stadium",Mumbai,2015-05-05,"Mumbai Indians","Delhi Daredevils",152/6,153/5,"Mumbai Indians","Harbhajan Singh"
2015,"M Chinnaswamy Stadium",Bangalore,2015-05-06,"Royal Challengers Bangalore","Kings XI Punjab",226/3,88/10,"Royal Challengers Bangalore","CH Gayle"
2015,"Brabourne Stadium",Mumbai,2015-05-07,"Rajasthan Royals","Sunrisers Hyderabad",201/4,194/7,"Sunrisers Hyderabad","EJG Morgan"
2015,"Eden Gardens",Kolkata,2015-05-09,"Kolkata Knight Riders","Kings XI Punjab",183/5,184/9,"Kolkata Knight Riders","AD Russell"
2015,"Shaheed Veer Narayan Singh International Stadium",Raipur,2015-05-09,"Delhi Daredevils","Sunrisers Hyderabad",163/4,157/4,"Sunrisers Hyderabad","MC Henriques"
2015,"Wankhede Stadium",Mumbai,2015-05-10,"Mumbai Indians","Royal Challengers Bangalore",235/1,196/7,"Royal Challengers Bangalore","AB de Villiers"
2015,"Shaheed Veer Narayan Singh International Stadium",Raipur,2015-05-12,"Delhi Daredevils","Chennai Super Kings",119/6,120/4,"Delhi Daredevils","Z Khan"
2015,"Wankhede Stadium",Mumbai,2015-05-14,"Mumbai Indians","Kolkata Knight Riders",171/4,166/7,"Mumbai Indians","HH Pandya"
2015,"Brabourne Stadium",Mumbai,2015-05-16,"Rajasthan Royals","Kolkata Knight Riders",199/6,190/9,"Rajasthan Royals","SR Watson"
2015,"M Chinnaswamy Stadium",Bangalore,2015-05-17,"Royal Challengers Bangalore","Delhi Daredevils",187/5,2/0,NA,NA
2015,"Wankhede Stadium",Mumbai,2015-05-19,"Chennai Super Kings","Mumbai Indians",187/6,162/10,"Mumbai Indians","KA Pollard"
2015,"Maharashtra Cricket Association Stadium",Pune,2015-05-20,"Royal Challengers Bangalore","Rajasthan Royals",180/4,109/10,"Royal Challengers Bangalore","AB de Villiers"
2015,"JSCA International Stadium Complex",Ranchi,2015-05-22,"Chennai Super Kings","Royal Challengers Bangalore",139/8,140/7,"Chennai Super Kings","A Nehra"
2015,"Eden Gardens",Kolkata,2015-05-24,"Mumbai Indians","Chennai Super Kings",202/5,161/8,"Mumbai Indians","RG Sharma"
2016,"Wankhede Stadium",Mumbai,2016-04-09,"Mumbai Indians","Rising Pune Supergiants",121/8,126/1,"Rising Pune Supergiants","AM Rahane"
2016,"Eden Gardens",Kolkata,2016-04-10,"Kolkata Knight Riders","Delhi Daredevils",98/10,99/1,"Kolkata Knight Riders","AD Russell"
2016,"M Chinnaswamy Stadium",Bangalore,2016-04-12,"Royal Challengers Bangalore","Sunrisers Hyderabad",227/4,182/6,"Royal Challengers Bangalore","AB de Villiers"
2016,"Eden Gardens",Kolkata,2016-04-13,"Kolkata Knight Riders","Mumbai Indians",187/5,188/4,"Mumbai Indians","RG Sharma"
2016,"Saurashtra Cricket Association Stadium",Rajkot,2016-04-14,"Gujarat Lions","Rising Pune Supergiants",163/5,164/3,"Gujarat Lions","AJ Finch"
2016,"Feroz Shah Kotla",Delhi,2016-04-15,"Delhi Daredevils","Kings XI Punjab",111/9,113/2,"Delhi Daredevils","A Mishra"
2016,"Wankhede Stadium",Mumbai,2016-04-16,"Mumbai Indians","Gujarat Lions",143/8,147/7,"Gujarat Lions","AJ Finch"
2016,"M Chinnaswamy Stadium",Bangalore,2016-04-17,"Royal Challengers Bangalore","Delhi Daredevils",191/5,192/3,"Delhi Daredevils","Q de Kock"
2016,"Wankhede Stadium",Mumbai,2016-04-20,"Mumbai Indians","Royal Challengers Bangalore",170/7,171/4,"Mumbai Indians","RG Sharma"
2016,"Saurashtra Cricket Association Stadium",Rajkot,2016-04-21,"Gujarat Lions","Sunrisers Hyderabad",135/8,137/0,"Sunrisers Hyderabad","B Kumar"
2016,"Maharashtra Cricket Association Stadium",Pune,2016-04-22,"Rising Pune Supergiants","Royal Challengers Bangalore",185/3,172/9,"Royal Challengers Bangalore","AB de Villiers"
2016,"Feroz Shah Kotla",Delhi,2016-04-23,"Delhi Daredevils","Mumbai Indians",164/4,154/7,"Delhi Daredevils","SV Samson"
2016,"Saurashtra Cricket Association Stadium",Rajkot,2016-04-24,"Gujarat Lions","Royal Challengers Bangalore",180/2,182/4,"Gujarat Lions","V Kohli"
2016,"Maharashtra Cricket Association Stadium",Pune,2016-04-24,"Rising Pune Supergiants","Kolkata Knight Riders",160/5,162/8,"Kolkata Knight Riders","SA Yadav"
2016,"Feroz Shah Kotla",Delhi,2016-04-27,"Delhi Daredevils","Gujarat Lions",172/6,171/5,"Gujarat Lions","CH Morris"
2016,"Wankhede Stadium",Mumbai,2016-04-28,"Mumbai Indians","Kolkata Knight Riders",174/5,178/4,"Mumbai Indians","RG Sharma"
2016,"Maharashtra Cricket Association Stadium",Pune,2016-04-29,"Rising Pune Supergiants","Gujarat Lions",195/3,196/7,"Gujarat Lions","DR Smith"
2016,"Feroz Shah Kotla",Delhi,2016-04-30,"Delhi Daredevils","Kolkata Knight Riders",186/8,159/10,"Delhi Daredevils","CR Brathwaite"
2016,"Saurashtra Cricket Association Stadium",Rajkot,2016-05-01,"Gujarat Lions","Kings XI Punjab",154/10,131/9,"Kings XI Punjab","AR Patel"
2016,"Maharashtra Cricket Association Stadium",Pune,2016-05-01,"Rising Pune Supergiants","Mumbai Indians",159/5,161/2,"Mumbai Indians","RG Sharma"
2016,"M Chinnaswamy Stadium",Bangalore,2016-05-02,"Royal Challengers Bangalore","Kolkata Knight Riders",185/7,189/5,"Kolkata Knight Riders","AD Russell"
2016,"Saurashtra Cricket Association Stadium",Rajkot,2016-05-03,"Gujarat Lions","Delhi Daredevils",149/7,150/2,"Delhi Daredevils","RR Pant"
2016,"Eden Gardens",Kolkata,2016-05-04,"Kolkata Knight Riders","Kings XI Punjab",164/3,157/9,"Kolkata Knight Riders","AD Russell"
2016,"Feroz Shah Kotla",Delhi,2016-05-05,"Delhi Daredevils","Rising Pune Supergiants",162/7,166/3,"Rising Pune Supergiants","AM Rahane"
2016,"M Chinnaswamy Stadium",Bangalore,2016-05-07,"Royal Challengers Bangalore","Rising Pune Supergiants",191/6,195/3,"Royal Challengers Bangalore","V Kohli"
2016,"Dr. Y.S. Rajasekhara Reddy ACA-VDCA Cricket Stadium",Visakhapatnam,2016-05-08,"Mumbai Indians","Sunrisers Hyderabad",177/3,92/10,"Sunrisers Hyderabad","A Nehra"
2016,"Eden Gardens",Kolkata,2016-05-08,"Kolkata Knight Riders","Gujarat Lions",158/4,164/5,"Gujarat Lions","P Kumar"
2016,"Dr. Y.S. Rajasekhara Reddy ACA-VDCA Cricket Stadium",Visakhapatnam,2016-05-10,"Rising Pune Supergiants","Sunrisers Hyderabad",137/8,133/8,"Sunrisers Hyderabad","A Zampa"
2016,"M Chinnaswamy Stadium",Bangalore,2016-05-11,"Royal Challengers Bangalore","Mumbai Indians",151/4,153/4,"Mumbai Indians","KH Pandya"
2016,"Dr. Y.S. Rajasekhara Reddy ACA-VDCA Cricket Stadium",Visakhapatnam,2016-05-13,"Mumbai Indians","Kings XI Punjab",124/9,127/3,"Kings XI Punjab","MP Stoinis"
2016,"M Chinnaswamy Stadium",Bangalore,2016-05-14,"Royal Challengers Bangalore","Gujarat Lions",248/3,104/10,"Royal Challengers Bangalore","AB de Villiers"
2016,"Eden Gardens",Kolkata,2016-05-14,"Kolkata Knight Riders","Rising Pune Supergiants",103/6,66/2,"Kolkata Knight Riders","YK Pathan"
2016,"Dr. Y.S. Rajasekhara Reddy ACA-VDCA Cricket Stadium",Visakhapatnam,2016-05-15,"Mumbai Indians","Delhi Daredevils",206/4,126/10,"Mumbai Indians","KH Pandya"
2016,"Eden Gardens",Kolkata,2016-05-16,"Kolkata Knight Riders","Royal Challengers Bangalore",183/5,186/1,"Royal Challengers Bangalore","V Kohli"
2016,"Dr. Y.S. Rajasekhara Reddy ACA-VDCA Cricket Stadium",Visakhapatnam,2016-05-17,"Rising Pune Supergiants","Delhi Daredevils",121/6,76/1,"Rising Pune Supergiants","AB Dinda"
2016,"M Chinnaswamy Stadium",Bangalore,2016-05-18,"Royal Challengers Bangalore","Kings XI Punjab",211/3,120/9,"Royal Challengers Bangalore","V Kohli"
2016,"Green Park",Kanpur,2016-05-19,"Gujarat Lions","Kolkata Knight Riders",124/8,125/4,"Gujarat Lions","DR Smith"
2016,"Shaheed Veer Narayan Singh International Stadium",Raipur,2016-05-20,"Delhi Daredevils","Sunrisers Hyderabad",158/7,161/4,"Delhi Daredevils","KK Nair"
2016,"Dr. Y.S. Rajasekhara Reddy ACA-VDCA Cricket Stadium",Visakhapatnam,2016-05-21,"Rising Pune Supergiants","Kings XI Punjab",172/7,173/6,"Rising Pune Supergiants","MS Dhoni"
2016,"Green Park",Kanpur,2016-05-21,"Gujarat Lions","Mumbai Indians",172/8,173/4,"Gujarat Lions","SK Raina"
2016,"Eden Gardens",Kolkata,2016-05-22,"Kolkata Knight Riders","Sunrisers Hyderabad",171/6,149/8,"Kolkata Knight Riders","YK Pathan"
2016,"Shaheed Veer Narayan Singh International Stadium",Raipur,2016-05-22,"Delhi Daredevils","Royal Challengers Bangalore",138/8,139/4,"Royal Challengers Bangalore","V Kohli"
2016,"M Chinnaswamy Stadium",Bangalore,2016-05-24,"Gujarat Lions","Royal Challengers Bangalore",158/10,159/6,"Royal Challengers Bangalore","AB de Villiers"
2016,"Feroz Shah Kotla",Delhi,2016-05-25,"Sunrisers Hyderabad","Kolkata Knight Riders",162/8,140/8,"Sunrisers Hyderabad","MC Henriques"
2016,"Feroz Shah Kotla",Delhi,2016-05-27,"Gujarat Lions","Sunrisers Hyderabad",162/7,163/6,"Sunrisers Hyderabad","DA Warner"
2016,"M Chinnaswamy Stadium",Bangalore,2016-05-29,"Royal Challengers Bangalore","Sunrisers Hyderabad",208/7,200/7,"Sunrisers Hyderabad","BCJ Cutting"
2017,"Maharashtra Cricket Association Stadium",Pune,2017-04-06,"Rising Pune Supergiant","Mumbai Indians",184/8,187/3,"Rising Pune Supergiant","SPD Smith"
2017,"Saurashtra Cricket Association Stadium",Rajkot,2017-04-07,"Gujarat Lions","Kolkata Knight Riders",183/4,184/0,"Kolkata Knight Riders","CA Lynn"
2017,"Holkar Cricket Stadium",Indore,2017-04-08,"Kings XI Punjab","Rising Pune Supergiant",163/6,164/4,"Kings XI Punjab","GJ Maxwell"
2017,"M.Chinnaswamy Stadium",Bengaluru,2017-04-08,"Royal Challengers Bangalore","Delhi Daredevils",157/8,142/9,"Royal Challengers Bangalore","KM Jadhav"
2017,"Wankhede Stadium",Mumbai,2017-04-09,"Mumbai Indians","Kolkata Knight Riders",178/7,180/6,"Mumbai Indians","N Rana"
2017,"Holkar Cricket Stadium",Indore,2017-04-10,"Kings XI Punjab","Royal Challengers Bangalore",148/4,150/2,"Kings XI Punjab","AR Patel"
2017,"Maharashtra Cricket Association Stadium",Pune,2017-04-11,"Rising Pune Supergiant","Delhi Daredevils",205/4,108/10,"Delhi Daredevils","SV Samson"
2017,"Wankhede Stadium",Mumbai,2017-04-12,"Mumbai Indians","Sunrisers Hyderabad",158/8,159/6,"Mumbai Indians","JJ Bumrah"
2017,"Eden Gardens",Kolkata,2017-04-13,"Kolkata Knight Riders","Kings XI Punjab",170/9,171/2,"Kolkata Knight Riders","SP Narine"
2017,"M Chinnaswamy Stadium",Bangalore,2017-04-14,"Royal Challengers Bangalore","Mumbai Indians",142/5,145/6,"Mumbai Indians","KA Pollard"
2017,"Saurashtra Cricket Association Stadium",Rajkot,2017-04-14,"Gujarat Lions","Rising Pune Supergiant",171/8,172/3,"Gujarat Lions","AJ Tye"
2017,"Eden Gardens",Kolkata,2017-04-15,"Kolkata Knight Riders","Sunrisers Hyderabad",172/6,155/6,"Kolkata Knight Riders","RV Uthappa"
2017,"Feroz Shah Kotla",Delhi,2017-04-15,"Delhi Daredevils","Kings XI Punjab",188/6,137/9,"Delhi Daredevils","CJ Anderson"
2017,"Wankhede Stadium",Mumbai,2017-04-16,"Mumbai Indians","Gujarat Lions",176/4,177/4,"Mumbai Indians","N Rana"
2017,"M Chinnaswamy Stadium",Bangalore,2017-04-16,"Royal Challengers Bangalore","Rising Pune Supergiant",161/8,134/9,"Rising Pune Supergiant","BA Stokes"
2017,"Feroz Shah Kotla",Delhi,2017-04-17,"Delhi Daredevils","Kolkata Knight Riders",168/7,169/6,"Kolkata Knight Riders","NM Coulter-Nile"
2017,"Saurashtra Cricket Association Stadium",Rajkot,2017-04-18,"Gujarat Lions","Royal Challengers Bangalore",213/2,192/7,"Royal Challengers Bangalore","CH Gayle"
2017,"Holkar Cricket Stadium",Indore,2017-04-20,"Kings XI Punjab","Mumbai Indians",198/4,199/2,"Mumbai Indians","JC Buttler"
2017,"Eden Gardens",Kolkata,2017-04-21,"Kolkata Knight Riders","Gujarat Lions",187/5,188/6,"Gujarat Lions","SK Raina"
2017,"Wankhede Stadium",Mumbai,2017-04-22,"Mumbai Indians","Delhi Daredevils",142/8,128/7,"Mumbai Indians","MJ McClenaghan"
2017,"Maharashtra Cricket Association Stadium",Pune,2017-04-22,"Rising Pune Supergiant","Sunrisers Hyderabad",176/3,179/4,"Rising Pune Supergiant","MS Dhoni"
2017,"Saurashtra Cricket Association Stadium",Rajkot,2017-04-23,"Gujarat Lions","Kings XI Punjab",188/7,162/7,"Kings XI Punjab","HM Amla"
2017,"Eden Gardens",Kolkata,2017-04-23,"Kolkata Knight Riders","Royal Challengers Bangalore",131/10,49/10,"Kolkata Knight Riders","NM Coulter-Nile"
2017,"Wankhede Stadium",Mumbai,2017-04-24,"Mumbai Indians","Rising Pune Supergiant",160/6,157/8,"Rising Pune Supergiant","BA Stokes"
2017,"Maharashtra Cricket Association Stadium",Pune,2017-04-26,"Rising Pune Supergiant","Kolkata Knight Riders",182/5,184/3,"Kolkata Knight Riders","RV Uthappa"
2017,"M Chinnaswamy Stadium",Bangalore,2017-04-27,"Royal Challengers Bangalore","Gujarat Lions",134/10,135/3,"Gujarat Lions","AJ Tye"
2017,"Eden Gardens",Kolkata,2017-04-28,"Kolkata Knight Riders","Delhi Daredevils",160/6,161/3,"Kolkata Knight Riders","G Gambhir"
2017,"Maharashtra Cricket Association Stadium",Pune,2017-04-29,"Rising Pune Supergiant","Royal Challengers Bangalore",157/3,96/9,"Rising Pune Supergiant","LH Ferguson"
2017,"Saurashtra Cricket Association Stadium",Rajkot,2017-04-29,"Gujarat Lions","Mumbai Indians",153/9,153/10,"Mumbai Indians","KH Pandya"
2017,"Wankhede Stadium",Mumbai,2017-05-01,"Mumbai Indians","Royal Challengers Bangalore",162/8,165/6,"Mumbai Indians","RG Sharma"
2017,"Maharashtra Cricket Association Stadium",Pune,2017-05-01,"Rising Pune Supergiant","Gujarat Lions",161/10,167/5,"Rising Pune Supergiant","BA Stokes"
2017,"Feroz Shah Kotla",Delhi,2017-05-02,"Delhi Daredevils","Sunrisers Hyderabad",185/3,189/4,"Delhi Daredevils","Mohammed Shami"
2017,"Eden Gardens",Kolkata,2017-05-03,"Kolkata Knight Riders","Rising Pune Supergiant",155/8,158/6,"Rising Pune Supergiant","RA Tripathi"
2017,"Feroz Shah Kotla",Delhi,2017-05-04,"Delhi Daredevils","Gujarat Lions",208/7,214/3,"Delhi Daredevils","RR Pant"
2017,"M Chinnaswamy Stadium",Bangalore,2017-05-05,"Royal Challengers Bangalore","Kings XI Punjab",138/7,119/10,"Kings XI Punjab","Sandeep Sharma"
2017,"Feroz Shah Kotla",Delhi,2017-05-06,"Delhi Daredevils","Mumbai Indians",212/3,66/10,"Mumbai Indians","LMP Simmons"
2017,"M Chinnaswamy Stadium",Bangalore,2017-05-07,"Royal Challengers Bangalore","Kolkata Knight Riders",158/6,159/4,"Kolkata Knight Riders","SP Narine"
2017,"Green Park",Kanpur,2017-05-10,"Gujarat Lions","Delhi Daredevils",195/5,197/8,"Delhi Daredevils","SS Iyer"
2017,"Wankhede Stadium",Mumbai,2017-05-11,"Mumbai Indians","Kings XI Punjab",230/3,223/6,"Kings XI Punjab","WP Saha"
2017,"Feroz Shah Kotla",Delhi,2017-05-12,"Delhi Daredevils","Rising Pune Supergiant",168/8,161/7,"Delhi Daredevils","KK Nair"
2017,"Green Park",Kanpur,2017-05-13,"Gujarat Lions","Sunrisers Hyderabad",154/10,158/2,"Sunrisers Hyderabad","Mohammed Siraj"
2017,"Eden Gardens",Kolkata,2017-05-13,"Kolkata Knight Riders","Mumbai Indians",173/5,164/8,"Mumbai Indians","AT Rayudu"
2017,"Maharashtra Cricket Association Stadium",Pune,2017-05-14,"Rising Pune Supergiant","Kings XI Punjab",73/10,78/1,"Rising Pune Supergiant","JD Unadkat"
2017,"Feroz Shah Kotla",Delhi,2017-05-14,"Delhi Daredevils","Royal Challengers Bangalore",161/6,151/10,"Royal Challengers Bangalore","HV Patel"
2017,"Wankhede Stadium",Mumbai,2017-05-16,"Mumbai Indians","Rising Pune Supergiant",162/4,142/9,"Rising Pune Supergiant","Washington Sundar"
2017,"M Chinnaswamy Stadium",Bangalore,2017-05-17,"Sunrisers Hyderabad","Kolkata Knight Riders",128/7,48/3,"Kolkata Knight Riders","NM Coulter-Nile"
2017,"M Chinnaswamy Stadium",Bangalore,2017-05-19,"Mumbai Indians","Kolkata Knight Riders",107/10,111/4,"Mumbai Indians","KV Sharma"
2018,"Wankhede Stadium",Mumbai,2018-04-07,"Mumbai Indians","Chennai Super Kings",165/4,169/9,"Chennai Super Kings","DJ Bravo"
2018,"Eden Gardens",Kolkata,2018-04-08,"Kolkata Knight Riders","Royal Challengers Bangalore",176/7,177/6,"Kolkata Knight Riders","SP Narine"
2018,"Sawai Mansingh Stadium",Jaipur,2018-04-11,"Rajasthan Royals","Delhi Daredevils",153/5,60/4,"Rajasthan Royals","SV Samson"
2018,"M.Chinnaswamy Stadium",Bengaluru,2018-04-13,"Royal Challengers Bangalore","Kings XI Punjab",155/10,159/6,"Royal Challengers Bangalore","UT Yadav"
2018,"Wankhede Stadium",Mumbai,2018-04-14,"Mumbai Indians","Delhi Daredevils",194/7,195/3,"Delhi Daredevils","JJ Roy"
2018,"Eden Gardens",Kolkata,2018-04-14,"Kolkata Knight Riders","Sunrisers Hyderabad",138/8,139/5,"Sunrisers Hyderabad","B Stanlake"
2018,"M.Chinnaswamy Stadium",Bengaluru,2018-04-15,"Royal Challengers Bangalore","Rajasthan Royals",217/4,198/6,"Rajasthan Royals","SV Samson"
2018,"Eden Gardens",Kolkata,2018-04-16,"Kolkata Knight Riders","Delhi Daredevils",200/9,129/10,"Kolkata Knight Riders","N Rana"
2018,"Wankhede Stadium",Mumbai,2018-04-17,"Mumbai Indians","Royal Challengers Bangalore",213/6,167/8,"Mumbai Indians","RG Sharma"
2018,"Sawai Mansingh Stadium",Jaipur,2018-04-18,"Rajasthan Royals","Kolkata Knight Riders",160/8,163/3,"Kolkata Knight Riders","N Rana"
2018,"Maharashtra Cricket Association Stadium",Pune,2018-04-20,"Chennai Super Kings","Rajasthan Royals",204/5,140/10,"Chennai Super Kings","SR Watson"
2018,"Eden Gardens",Kolkata,2018-04-21,"Kolkata Knight Riders","Kings XI Punjab",191/7,126/1,"Kings XI Punjab","KL Rahul"
2018,"M.Chinnaswamy Stadium",Bengaluru,2018-04-21,"Royal Challengers Bangalore","Delhi Daredevils",174/5,176/4,"Royal Challengers Bangalore","AB de Villiers"
2018,"Sawai Mansingh Stadium",Jaipur,2018-04-22,"Rajasthan Royals","Mumbai Indians",167/7,168/7,"Rajasthan Royals","JC Archer"
2018,"Feroz Shah Kotla",Delhi,2018-04-23,"Delhi Daredevils","Kings XI Punjab",143/8,139/8,"Kings XI Punjab","AS Rajpoot"
2018,"Wankhede Stadium",Mumbai,2018-04-24,"Mumbai Indians","Sunrisers Hyderabad",118/10,87/10,"Sunrisers Hyderabad","Rashid Khan"
2018,"M.Chinnaswamy Stadium",Bengaluru,2018-04-25,"Royal Challengers Bangalore","Chennai Super Kings",205/8,207/5,"Chennai Super Kings","MS Dhoni"
2018,"Feroz Shah Kotla",Delhi,2018-04-27,"Delhi Daredevils","Kolkata Knight Riders",219/4,164/9,"Delhi Daredevils","SS Iyer"
2018,"Maharashtra Cricket Association Stadium",Pune,2018-04-28,"Chennai Super Kings","Mumbai Indians",169/5,170/2,"Mumbai Indians","RG Sharma"
2018,"Sawai Mansingh Stadium",Jaipur,2018-04-29,"Rajasthan Royals","Sunrisers Hyderabad",151/7,140/6,"Sunrisers Hyderabad","KS Williamson"
2018,"M.Chinnaswamy Stadium",Bengaluru,2018-04-29,"Royal Challengers Bangalore","Kolkata Knight Riders",175/4,176/5,"Kolkata Knight Riders","CA Lynn"
2018,"Maharashtra Cricket Association Stadium",Pune,2018-04-30,"Chennai Super Kings","Delhi Daredevils",211/4,198/5,"Chennai Super Kings","SR Watson"
2018,"M.Chinnaswamy Stadium",Bengaluru,2018-05-01,"Royal Challengers Bangalore","Mumbai Indians",167/7,153/7,"Royal Challengers Bangalore","TG Southee"
2018,"Feroz Shah Kotla",Delhi,2018-05-02,"Delhi Daredevils","Rajasthan Royals",196/6,146/5,"Delhi Daredevils","RR Pant"
2018,"Eden Gardens",Kolkata,2018-05-03,"Kolkata Knight Riders","Chennai Super Kings",177/5,180/4,"Kolkata Knight Riders","SP Narine"
2018,"Holkar Cricket Stadium",Indore,2018-05-04,"Kings XI Punjab","Mumbai Indians",174/6,176/4,"Mumbai Indians","SA Yadav"
2018,"Maharashtra Cricket Association Stadium",Pune,2018-05-05,"Chennai Super Kings","Royal Challengers Bangalore",127/9,128/4,"Chennai Super Kings","RA Jadeja"
2018,"Wankhede Stadium",Mumbai,2018-05-06,"Mumbai Indians","Kolkata Knight Riders",181/4,168/6,"Mumbai Indians","HH Pandya"
2018,"Holkar Cricket Stadium",Indore,2018-05-06,"Kings XI Punjab","Rajasthan Royals",152/9,155/4,"Kings XI Punjab","Mujeeb Ur Rahman"
2018,"Sawai Mansingh Stadium",Jaipur,2018-05-08,"Rajasthan Royals","Kings XI Punjab",158/8,143/7,"Rajasthan Royals","JC Buttler"
2018,"Eden Gardens",Kolkata,2018-05-09,"Kolkata Knight Riders","Mumbai Indians",210/6,108/10,"Mumbai Indians","Ishan Kishan"
2018,"Feroz Shah Kotla",Delhi,2018-05-10,"Delhi Daredevils","Sunrisers Hyderabad",187/5,191/1,"Sunrisers Hyderabad","S Dhawan"
2018,"Sawai Mansingh Stadium",Jaipur,2018-05-11,"Rajasthan Royals","Chennai Super Kings",176/4,177/6,"Rajasthan Royals","JC Buttler"
2018,"Holkar Cricket Stadium",Indore,2018-05-12,"Kings XI Punjab","Kolkata Knight Riders",245/6,214/8,"Kolkata Knight Riders","SP Narine"
2018,"Feroz Shah Kotla",Delhi,2018-05-12,"Delhi Daredevils","Royal Challengers Bangalore",181/4,187/5,"Royal Challengers Bangalore","AB de Villiers"
2018,"Maharashtra Cricket Association Stadium",Pune,2018-05-13,"Chennai Super Kings","Sunrisers Hyderabad",179/4,180/2,"Chennai Super Kings","AT Rayudu"
2018,"Wankhede Stadium",Mumbai,2018-05-13,"Mumbai Indians","Rajasthan Royals",168/6,171/3,"Rajasthan Royals","JC Buttler"
2018,"Holkar Cricket Stadium",Indore,2018-05-14,"Kings XI Punjab","Royal Challengers Bangalore",88/10,92/0,"Royal Challengers Bangalore","UT Yadav"
2018,"Eden Gardens",Kolkata,2018-05-15,"Kolkata Knight Riders","Rajasthan Royals",142/10,145/4,"Kolkata Knight Riders","Kuldeep Yadav"
2018,"Wankhede Stadium",Mumbai,2018-05-16,"Mumbai Indians","Kings XI Punjab",186/8,183/5,"Mumbai Indians","JJ Bumrah"
2018,"M.Chinnaswamy Stadium",Bengaluru,2018-05-17,"Royal Challengers Bangalore","Sunrisers Hyderabad",218/6,204/3,"Royal Challengers Bangalore","AB de Villiers"
2018,"Feroz Shah Kotla",Delhi,2018-05-18,"Delhi Daredevils","Chennai Super Kings",162/5,128/6,"Delhi Daredevils","HV Patel"
2018,"Sawai Mansingh Stadium",Jaipur,2018-05-19,"Rajasthan Royals","Royal Challengers Bangalore",164/5,134/10,"Rajasthan Royals","S Gopal"
2018,"Feroz Shah Kotla",Delhi,2018-05-20,"Delhi Daredevils","Mumbai Indians",174/4,163/10,"Delhi Daredevils","A Mishra"
2018,"Maharashtra Cricket Association Stadium",Pune,2018-05-20,"Chennai Super Kings","Kings XI Punjab",153/10,159/5,"Chennai Super Kings","L Ngidi"
2018,"Wankhede Stadium",Mumbai,2018-05-22,"Sunrisers Hyderabad","Chennai Super Kings",139/7,140/8,"Chennai Super Kings","F du Plessis"
2018,"Eden Gardens",Kolkata,2018-05-23,"Kolkata Knight Riders","Rajasthan Royals",169/7,144/4,"Kolkata Knight Riders","AD Russell"
2018,"Eden Gardens",Kolkata,2018-05-25,"Kolkata Knight Riders","Sunrisers Hyderabad",174/7,160/9,"Sunrisers Hyderabad","Rashid Khan"
2018,"Wankhede Stadium",Mumbai,2018-05-27,"Chennai Super Kings","Sunrisers Hyderabad",178/6,181/2,"Chennai Super Kings","SR Watson"
2019,"Eden Gardens",Kolkata,2019-03-24,"Kolkata Knight Riders","Sunrisers Hyderabad",181/3,183/4,"Kolkata Knight Riders","AD Russell"
2019,"Wankhede Stadium",Mumbai,2019-03-24,"Mumbai Indians","Delhi Capitals",213/6,176/9,"Delhi Capitals","RR Pant"
2019,"Sawai Mansingh Stadium",Jaipur,2019-03-25,"Rajasthan Royals","Kings XI Punjab",184/4,170/9,"Kings XI Punjab","CH Gayle"
2019,"Feroz Shah Kotla",Delhi,2019-03-26,"Delhi Capitals","Chennai Super Kings",147/6,150/4,"Chennai Super Kings","SR Watson"
2019,"Eden Gardens",Kolkata,2019-03-27,"Kolkata Knight Riders","Kings XI Punjab",218/4,190/4,"Kolkata Knight Riders","AD Russell"
2019,"M.Chinnaswamy Stadium",Bengaluru,2019-03-28,"Royal Challengers Bangalore","Mumbai Indians",187/8,181/5,"Mumbai Indians","JJ Bumrah"
2019,"Feroz Shah Kotla",Delhi,2019-03-30,"Delhi Capitals","Kolkata Knight Riders",185/8,185/6,"Delhi Capitals","PP Shaw"
2019,"Sawai Mansingh Stadium",Jaipur,2019-04-02,"Rajasthan Royals","Royal Challengers Bangalore",158/4,164/3,"Rajasthan Royals","S Gopal"
2019,"Wankhede Stadium",Mumbai,2019-04-03,"Mumbai Indians","Chennai Super Kings",170/5,133/8,"Mumbai Indians","HH Pandya"
2019,"Feroz Shah Kotla",Delhi,2019-04-04,"Delhi Capitals","Sunrisers Hyderabad",129/8,131/5,"Sunrisers Hyderabad","JM Bairstow"
2019,"M.Chinnaswamy Stadium",Bengaluru,2019-04-05,"Royal Challengers Bangalore","Kolkata Knight Riders",205/3,206/5,"Kolkata Knight Riders","AD Russell"
2019,"M.Chinnaswamy Stadium",Bengaluru,2019-04-07,"Royal Challengers Bangalore","Delhi Capitals",149/8,152/6,"Delhi Capitals","K Rabada"
2019,"Sawai Mansingh Stadium",Jaipur,2019-04-07,"Rajasthan Royals","Kolkata Knight Riders",139/3,140/2,"Kolkata Knight Riders","HF Gurney"
2019,"Wankhede Stadium",Mumbai,2019-04-10,"Mumbai Indians","Kings XI Punjab",197/4,198/7,"Mumbai Indians","KA Pollard"
2019,"Sawai Mansingh Stadium",Jaipur,2019-04-11,"Rajasthan Royals","Chennai Super Kings",151/7,155/6,"Chennai Super Kings","MS Dhoni"
2019,"Eden Gardens",Kolkata,2019-04-12,"Kolkata Knight Riders","Delhi Capitals",178/7,180/3,"Delhi Capitals","S Dhawan"
2019,"Wankhede Stadium",Mumbai,2019-04-13,"Mumbai Indians","Rajasthan Royals",187/5,188/6,"Rajasthan Royals","JC Buttler"
2019,"Eden Gardens",Kolkata,2019-04-14,"Kolkata Knight Riders","Chennai Super Kings",161/8,162/5,"Chennai Super Kings","Imran Tahir"
2019,"Wankhede Stadium",Mumbai,2019-04-15,"Mumbai Indians","Royal Challengers Bangalore",171/7,172/5,"Mumbai Indians","SL Malinga"
2019,"Feroz Shah Kotla",Delhi,2019-04-18,"Delhi Capitals","Mumbai Indians",168/5,128/9,"Mumbai Indians","HH Pandya"
2019,"Eden Gardens",Kolkata,2019-04-19,"Kolkata Knight Riders","Royal Challengers Bangalore",213/4,203/5,"Royal Challengers Bangalore","V Kohli"
2019,"Sawai Mansingh Stadium",Jaipur,2019-04-20,"Rajasthan Royals","Mumbai Indians",161/5,162/5,"Rajasthan Royals","SPD Smith"
2019,"Feroz Shah Kotla",Delhi,2019-04-20,"Delhi Capitals","Kings XI Punjab",163/7,166/5,"Delhi Capitals","SS Iyer"
2019,"M.Chinnaswamy Stadium",Bengaluru,2019-04-21,"Royal Challengers Bangalore","Chennai Super Kings",161/7,160/8,"Royal Challengers Bangalore","PA Patel"
2019,"Sawai Mansingh Stadium",Jaipur,2019-04-22,"Rajasthan Royals","Delhi Capitals",191/6,193/4,"Delhi Capitals","RR Pant"
2019,"M.Chinnaswamy Stadium",Bengaluru,2019-04-24,"Royal Challengers Bangalore","Kings XI Punjab",202/4,185/7,"Royal Challengers Bangalore","AB de Villiers"
2019,"Eden Gardens",Kolkata,2019-04-25,"Kolkata Knight Riders","Rajasthan Royals",175/6,177/7,"Rajasthan Royals","VR Aaron"
2019,"Sawai Mansingh Stadium",Jaipur,2019-04-27,"Rajasthan Royals","Sunrisers Hyderabad",160/8,161/3,"Rajasthan Royals","JD Unadkat"
2019,"Feroz Shah Kotla",Delhi,2019-04-28,"Delhi Capitals","Royal Challengers Bangalore",187/5,171/7,"Delhi Capitals","S Dhawan"
2019,"Eden Gardens",Kolkata,2019-04-28,"Kolkata Knight Riders","Mumbai Indians",232/2,198/7,"Kolkata Knight Riders","AD Russell"
2019,"M.Chinnaswamy Stadium",Bengaluru,2019-04-30,"Royal Challengers Bangalore","Rajasthan Royals",62/7,41/1,NA,NA
2019,"Wankhede Stadium",Mumbai,2019-05-02,"Mumbai Indians","Sunrisers Hyderabad",162/5,162/6,"Mumbai Indians","JJ Bumrah"
2019,"Feroz Shah Kotla",Delhi,2019-05-04,"Delhi Capitals","Rajasthan Royals",115/9,121/5,"Delhi Capitals","A Mishra"
2019,"M.Chinnaswamy Stadium",Bengaluru,2019-05-04,"Royal Challengers Bangalore","Sunrisers Hyderabad",175/7,178/6,"Royal Challengers Bangalore","SO Hetmyer"
2019,"Wankhede Stadium",Mumbai,2019-05-05,"Mumbai Indians","Kolkata Knight Riders",133/7,134/1,"Mumbai Indians","HH Pandya"
2019,"Dr. Y.S. Rajasekhara Reddy ACA-VDCA Cricket Stadium",Visakhapatnam,2019-05-08,"Delhi Capitals","Sunrisers Hyderabad",162/8,165/8,"Delhi Capitals","RR Pant"
2019,"Dr. Y.S. Rajasekhara Reddy ACA-VDCA Cricket Stadium",Visakhapatnam,2019-05-10,"Chennai Super Kings","Delhi Capitals",147/9,151/4,"Chennai Super Kings","F du Plessis"
2020,"Sheikh Zayed Stadium","Abu Dhabi",2020-09-19,"Mumbai Indians","Chennai Super Kings",162/9,166/5,"Chennai Super Kings","AT Rayudu"
2020,"Dubai International Cricket Stadium",Dubai,2020-09-20,"Delhi Capitals","Kings XI Punjab",157/8,157/8,"Delhi Capitals","MP Stoinis"
2020,"Sheikh Zayed Stadium","Abu Dhabi",2020-10-21,"Kolkata Knight Riders","Royal Challengers Bangalore",84/8,85/2,"Royal Challengers Bangalore","Mohammed Siraj"
2020,"Sharjah Cricket Stadium",Sharjah,2020-11-03,"Mumbai Indians","Sunrisers Hyderabad",149/8,151/0,"Sunrisers Hyderabad","S Nadeem"
2020,"Sharjah Cricket Stadium",Sharjah,2020-09-22,"Rajasthan Royals","Chennai Super Kings",216/7,200/6,"Rajasthan Royals","SV Samson"
2020,"Sheikh Zayed Stadium","Abu Dhabi",2020-10-24,"Kolkata Knight Riders","Delhi Capitals",194/6,135/9,"Kolkata Knight Riders","CV Varun"
2020,"Dubai International Cricket Stadium",Dubai,2020-10-24,"Kings XI Punjab","Sunrisers Hyderabad",126/7,114/10,"Kings XI Punjab","CJ Jordan"
2020,"Sheikh Zayed Stadium","Abu Dhabi",2020-10-28,"Royal Challengers Bangalore","Mumbai Indians",164/6,166/5,"Mumbai Indians","SA Yadav"
2020,"Sharjah Cricket Stadium",Sharjah,2020-10-09,"Delhi Capitals","Rajasthan Royals",184/8,138/10,"Delhi Capitals","R Ashwin"
2020,"Sheikh Zayed Stadium","Abu Dhabi",2020-10-07,"Kolkata Knight Riders","Chennai Super Kings",167/10,157/5,"Kolkata Knight Riders","RA Tripathi"
2020,"Sharjah Cricket Stadium",Sharjah,2020-10-31,"Royal Challengers Bangalore","Sunrisers Hyderabad",120/7,121/5,"Sunrisers Hyderabad","Sandeep Sharma"
2020,"Sheikh Zayed Stadium","Abu Dhabi",2020-10-01,"Mumbai Indians","Kings XI Punjab",191/4,143/8,"Mumbai Indians","KA Pollard"
2020,"Dubai International Cricket Stadium",Dubai,2020-09-30,"Kolkata Knight Riders","Rajasthan Royals",174/6,137/9,"Kolkata Knight Riders","Shivam Mavi"
2020,"Sheikh Zayed Stadium","Abu Dhabi",2020-11-02,"Royal Challengers Bangalore","Delhi Capitals",152/7,154/4,"Delhi Capitals","A Nortje"
2020,"Sheikh Zayed Stadium","Abu Dhabi",2020-11-01,"Kings XI Punjab","Chennai Super Kings",153/6,154/1,"Chennai Super Kings","RD Gaikwad"
2020,"Dubai International Cricket Stadium",Dubai,2020-10-11,"Sunrisers Hyderabad","Rajasthan Royals",158/4,163/5,"Rajasthan Royals","R Tewatia"
2020,"Sheikh Zayed Stadium","Abu Dhabi",2020-09-23,"Mumbai Indians","Kolkata Knight Riders",195/5,146/9,"Mumbai Indians","RG Sharma"
2020,"Sharjah Cricket Stadium",Sharjah,2020-10-17,"Chennai Super Kings","Delhi Capitals",179/4,185/5,"Delhi Capitals","S Dhawan"
2020,"Dubai International Cricket Stadium",Dubai,2020-09-24,"Kings XI Punjab","Royal Challengers Bangalore",206/3,109/10,"Kings XI Punjab","KL Rahul"
2020,"Sheikh Zayed Stadium","Abu Dhabi",2020-10-06,"Mumbai Indians","Rajasthan Royals",193/4,136/10,"Mumbai Indians","SA Yadav"
2020,"Sheikh Zayed Stadium","Abu Dhabi",2020-10-18,"Kolkata Knight Riders","Sunrisers Hyderabad",163/5,163/6,"Kolkata Knight Riders","LH Ferguson"
2020,"Dubai International Cricket Stadium",Dubai,2020-10-04,"Kings XI Punjab","Chennai Super Kings",178/4,181/0,"Chennai Super Kings","SR Watson"
2020,"Sheikh Zayed Stadium","Abu Dhabi",2020-10-03,"Rajasthan Royals","Royal Challengers Bangalore",154/6,158/2,"Royal Challengers Bangalore","YS Chahal"
2020,"Sharjah Cricket Stadium",Sharjah,2020-10-03,"Delhi Capitals","Kolkata Knight Riders",228/4,210/8,"Delhi Capitals","SS Iyer"
2020,"Dubai International Cricket Stadium",Dubai,2020-10-02,"Sunrisers Hyderabad","Chennai Super Kings",164/5,157/5,"Sunrisers Hyderabad","PK Garg"
2020,"Dubai International Cricket Stadium",Dubai,2020-10-18,"Mumbai Indians","Kings XI Punjab",176/6,176/6,"Kings XI Punjab","KL Rahul"
2020,"Dubai International Cricket Stadium",Dubai,2020-10-22,"Rajasthan Royals","Sunrisers Hyderabad",154/6,156/2,"Sunrisers Hyderabad","MK Pandey"
2020,"Dubai International Cricket Stadium",Dubai,2020-10-05,"Delhi Capitals","Royal Challengers Bangalore",196/4,137/9,"Delhi Capitals","AR Patel"
2020,"Sharjah Cricket Stadium",Sharjah,2020-10-26,"Kolkata Knight Riders","Kings XI Punjab",149/9,150/2,"Kings XI Punjab","CH Gayle"
2020,"Sharjah Cricket Stadium",Sharjah,2020-10-23,"Chennai Super Kings","Mumbai Indians",114/9,116/0,"Mumbai Indians","TA Boult"
2020,"Dubai International Cricket Stadium",Dubai,2020-10-17,"Rajasthan Royals","Royal Challengers Bangalore",177/6,179/3,"Royal Challengers Bangalore","AB de Villiers"
2020,"Sheikh Zayed Stadium","Abu Dhabi",2020-10-10,"Kolkata Knight Riders","Kings XI Punjab",164/6,162/5,"Kolkata Knight Riders","KD Karthik"
2020,"Dubai International Cricket Stadium",Dubai,2020-10-27,"Sunrisers Hyderabad","Delhi Capitals",219/2,131/10,"Sunrisers Hyderabad","WP Saha"
2020,"Dubai International Cricket Stadium",Dubai,2020-10-10,"Royal Challengers Bangalore","Chennai Super Kings",169/4,132/8,"Royal Challengers Bangalore","V Kohli"
2020,"Sheikh Zayed Stadium","Abu Dhabi",2020-10-16,"Kolkata Knight Riders","Mumbai Indians",148/5,149/2,"Mumbai Indians","Q de Kock"
2020,"Sharjah Cricket Stadium",Sharjah,2020-09-27,"Kings XI Punjab","Rajasthan Royals",223/2,226/6,"Rajasthan Royals","SV Samson"
2020,"Dubai International Cricket Stadium",Dubai,2020-10-13,"Chennai Super Kings","Sunrisers Hyderabad",167/6,147/8,"Chennai Super Kings","RA Jadeja"
2020,"Sheikh Zayed Stadium","Abu Dhabi",2020-10-11,"Delhi Capitals","Mumbai Indians",162/4,166/5,"Mumbai Indians","Q de Kock"
2020,"Dubai International Cricket Stadium",Dubai,2020-11-01,"Kolkata Knight Riders","Rajasthan Royals",191/7,131/9,"Kolkata Knight Riders","PJ Cummins"
2020,"Sharjah Cricket Stadium",Sharjah,2020-10-15,"Royal Challengers Bangalore","Kings XI Punjab",171/6,177/2,"Kings XI Punjab","KL Rahul"
2020,"Sheikh Zayed Stadium","Abu Dhabi",2020-09-29,"Sunrisers Hyderabad","Delhi Capitals",162/4,147/7,"Sunrisers Hyderabad","Rashid Khan"
2020,"Sheikh Zayed Stadium","Abu Dhabi",2020-10-19,"Chennai Super Kings","Rajasthan Royals",125/5,126/3,"Rajasthan Royals","JC Buttler"
2020,"Dubai International Cricket Stadium",Dubai,2020-09-21,"Royal Challengers Bangalore","Sunrisers Hyderabad",163/5,153/10,"Royal Challengers Bangalore","YS Chahal"
2020,"Dubai International Cricket Stadium",Dubai,2020-10-31,"Delhi Capitals","Mumbai Indians",110/9,111/1,"Mumbai Indians","Ishan Kishan"
2020,"Dubai International Cricket Stadium",Dubai,2020-10-29,"Kolkata Knight Riders","Chennai Super Kings",172/5,178/4,"Chennai Super Kings","RD Gaikwad"
2020,"Sheikh Zayed Stadium","Abu Dhabi",2020-10-30,"Kings XI Punjab","Rajasthan Royals",185/4,186/3,"Rajasthan Royals","BA Stokes"
2020,"Sharjah Cricket Stadium",Sharjah,2020-10-04,"Mumbai Indians","Sunrisers Hyderabad",208/5,174/7,"Mumbai Indians","TA Boult"
2020,"Dubai International Cricket Stadium",Dubai,2020-09-25,"Delhi Capitals","Chennai Super Kings",175/3,131/7,"Delhi Capitals","PP Shaw"
2020,"Sharjah Cricket Stadium",Sharjah,2020-10-12,"Royal Challengers Bangalore","Kolkata Knight Riders",194/2,112/9,"Royal Challengers Bangalore","AB de Villiers"
2020,"Sheikh Zayed Stadium","Abu Dhabi",2020-10-25,"Mumbai Indians","Rajasthan Royals",195/5,196/2,"Rajasthan Royals","BA Stokes"
2020,"Dubai International Cricket Stadium",Dubai,2020-10-08,"Sunrisers Hyderabad","Kings XI Punjab",201/6,132/10,"Sunrisers Hyderabad","JM Bairstow"
2020,"Dubai International Cricket Stadium",Dubai,2020-10-14,"Delhi Capitals","Rajasthan Royals",161/7,148/8,"Delhi Capitals","A Nortje"
2020,"Dubai International Cricket Stadium",Dubai,2020-10-25,"Royal Challengers Bangalore","Chennai Super Kings",145/6,150/2,"Chennai Super Kings","RD Gaikwad"
2020,"Sheikh Zayed Stadium","Abu Dhabi",2020-09-26,"Sunrisers Hyderabad","Kolkata Knight Riders",142/4,145/3,"Kolkata Knight Riders","Shubman Gill"
2020,"Dubai International Cricket Stadium",Dubai,2020-10-20,"Delhi Capitals","Kings XI Punjab",164/5,167/5,"Kings XI Punjab","S Dhawan"
2020,"Dubai International Cricket Stadium",Dubai,2020-09-28,"Royal Challengers Bangalore","Mumbai Indians",201/3,201/5,"Royal Challengers Bangalore","AB de Villiers"
2020,"Dubai International Cricket Stadium",Dubai,2020-11-05,"Mumbai Indians","Delhi Capitals",200/5,143/8,"Mumbai Indians","JJ Bumrah"
2020,"Sheikh Zayed Stadium","Abu Dhabi",2020-11-06,"Royal Challengers Bangalore","Sunrisers Hyderabad",131/7,132/4,"Sunrisers Hyderabad","KS Williamson"
2020,"Sheikh Zayed Stadium","Abu Dhabi",2020-11-08,"Delhi Capitals","Sunrisers Hyderabad",189/3,172/8,"Delhi Capitals","MP Stoinis"
2020,"Dubai International Cricket Stadium",Dubai,2020-11-10,"Delhi Capitals","Mumbai Indians",156/7,157/5,"Mumbai Indians","TA Boult"
